Strategy,Obs,Total Return,CAGR,Sharpe,Sortino,Vol (ann),MaxDD,Calmar,WinRate,Beta vs Base,Alpha (ann),InfoRatio,TrackErr (ann),Report,CAGR-ΔvsBase,Sharpe-ΔvsBase,Sortino-ΔvsBase,Vol (ann)-ΔvsBase,MaxDD-ΔvsBase,Calmar-ΔvsBase,WinRate-ΔvsBase,InfoRatio-ΔvsBase
Baseline,1156,0.580320,0.155454,0.563531,0.578221,0.391442,-0.353192,0.440139,0.218858,1.000000,-0.000000,,0.000000,,0.000000,0.000000,0.000000,0.000000,0.000000,0.000000,0.000000,
wf_current_only_s10_p12_o0_H30_wfstrict_rolling.csv,1156,-0.035605,-0.011382,0.027777,0.023848,0.181866,-0.286570,-0.039717,0.179931,-0.215784,0.052651,-0.428996,0.502424,wf_current_only_s10_p12_o0_H30_wfstrict_rolling.csv_vs_baseline.html,-0.166836,-0.535754,-0.554373,-0.209576,0.066622,-0.479857,-0.038927,
wf_current_only_s10_p16_o0_H30_wfstrict_rolling.csv,1156,-0.265803,-0.092950,-0.372527,-0.270021,0.204914,-0.424382,-0.219025,0.181661,-0.256095,-0.019844,-0.567560,0.523161,wf_current_only_s10_p16_o0_H30_wfstrict_rolling.csv_vs_baseline.html,-0.248404,-0.936058,-0.848242,-0.186528,-0.071190,-0.659164,-0.037197,
wf_current_only_s10_p20_o0_H30_wfstrict_rolling.csv,1156,0.286382,0.082762,0.517861,0.504583,0.186983,-0.180302,0.459017,0.175606,0.273571,0.036484,-0.383109,0.323037,wf_current_only_s10_p20_o0_H30_wfstrict_rolling.csv_vs_baseline.html,-0.072692,-0.045670,-0.073638,-0.204459,0.172890,0.018878,-0.043253,
wf_current_only_s10_p8_o0_H30_wfstrict_rolling.csv,1156,-0.126184,-0.041695,-0.137180,-0.104927,0.184924,-0.284129,-0.146747,0.174740,-0.239366,0.027434,-0.481642,0.510665,wf_current_only_s10_p8_o0_H30_wfstrict_rolling.csv_vs_baseline.html,-0.197149,-0.700711,-0.683148,-0.206518,0.069063,-0.586887,-0.044118,
wf_current_only_s15_p12_o0_H30_wfstrict_rolling.csv,1156,0.554964,0.149568,0.892451,0.922253,0.172731,-0.173274,0.863188,0.154844,0.190234,0.112190,-0.188086,0.353221,wf_current_only_s15_p12_o0_H30_wfstrict_rolling.csv_vs_baseline.html,-0.005886,0.328920,0.344032,-0.218711,0.179919,0.423049,-0.064014,
wf_current_only_s15_p16_o0_H30_wfstrict_rolling.csv,1156,0.574104,0.154017,0.853353,0.882618,0.188422,-0.154876,0.994451,0.156574,0.273996,0.100350,-0.184753,0.323671,wf_current_only_s15_p16_o0_H30_wfstrict_rolling.csv_vs_baseline.html,-0.001437,0.289822,0.304397,-0.203020,0.198316,0.554311,-0.062284,
wf_current_only_s15_p20_o0_H30_wfstrict_rolling.csv,1156,-0.143170,-0.047616,-0.235675,-0.167360,0.155411,-0.190605,-0.249817,0.154844,-0.218561,0.011586,-0.520337,0.494326,wf_current_only_s15_p20_o0_H30_wfstrict_rolling.csv_vs_baseline.html,-0.203070,-0.799206,-0.745581,-0.236031,0.162587,-0.689956,-0.064014,
wf_current_only_s15_p8_o0_H30_wfstrict_rolling.csv,1156,-0.197984,-0.067290,-0.330686,-0.232741,0.167784,-0.248181,-0.271135,0.153979,-0.180982,-0.015561,-0.567278,0.486663,wf_current_only_s15_p8_o0_H30_wfstrict_rolling.csv_vs_baseline.html,-0.222744,-0.894216,-0.810962,-0.223658,0.105011,-0.711274,-0.064879,
wf_current_only_s5_p12_o0_H30_wfstrict_rolling.csv,1156,0.223533,0.065772,0.387300,0.384547,0.235451,-0.378402,0.173814,0.207612,0.462774,-0.010893,-0.500493,0.258544,wf_current_only_s5_p12_o0_H30_wfstrict_rolling.csv_vs_baseline.html,-0.089682,-0.176230,-0.193674,-0.155991,-0.025210,-0.266325,-0.011246,
wf_current_only_s5_p16_o0_H30_wfstrict_rolling.csv,1156,0.861524,0.216773,1.006495,0.996321,0.218460,-0.207176,1.046323,0.216263,0.425399,0.126041,-0.002674,0.265682,wf_current_only_s5_p16_o0_H30_wfstrict_rolling.csv_vs_baseline.html,0.061319,0.442964,0.418100,-0.172982,0.146017,0.606184,-0.002595,
wf_current_only_s5_p20_o0_H30_wfstrict_rolling.csv,1156,1.327800,0.305753,1.443833,1.565549,0.198341,-0.141488,2.160976,0.214533,0.336446,0.212155,0.219931,0.299100,wf_current_only_s5_p20_o0_H30_wfstrict_rolling.csv_vs_baseline.html,0.150299,0.880302,0.987328,-0.193101,0.211704,1.720837,-0.004325,
wf_current_only_s5_p8_o0_H30_wfstrict_rolling.csv,1156,0.606402,0.161441,0.816380,0.895561,0.210134,-0.191856,0.841470,0.213668,0.347375,0.094922,-0.162631,0.301544,wf_current_only_s5_p8_o0_H30_wfstrict_rolling.csv_vs_baseline.html,0.005987,0.252849,0.317340,-0.181308,0.161336,0.401330,-0.005190,
wf_current_only_s8_p12_o0_H30_wfstrict_rolling.csv,1156,-0.109426,-0.035930,-0.077451,-0.060453,0.203574,-0.242896,-0.147923,0.194637,-0.309096,0.052416,-0.439363,0.537953,wf_current_only_s8_p12_o0_H30_wfstrict_rolling.csv_vs_baseline.html,-0.191384,-0.640982,-0.638674,-0.187868,0.110296,-0.588062,-0.024221,
wf_current_only_s8_p16_o0_H30_wfstrict_rolling.csv,1156,-0.135542,-0.044948,-0.137466,-0.103187,0.194847,-0.325939,-0.137902,0.187716,-0.330935,0.046216,-0.457310,0.540933,wf_current_only_s8_p16_o0_H30_wfstrict_rolling.csv_vs_baseline.html,-0.200401,-0.700996,-0.681408,-0.196595,0.027253,-0.578041,-0.031142,
wf_current_only_s8_p20_o0_H30_wfstrict_rolling.csv,1156,0.305762,0.087886,0.534181,0.416367,0.192595,-0.291213,0.301793,0.197232,0.292148,0.038436,-0.370767,0.317474,wf_current_only_s8_p20_o0_H30_wfstrict_rolling.csv_vs_baseline.html,-0.067568,-0.029350,-0.161854,-0.198847,0.061979,-0.138346,-0.021626,
wf_current_only_s8_p8_o0_H30_wfstrict_rolling.csv,1156,0.158664,0.047597,0.336303,0.355691,0.193429,-0.245418,0.193942,0.195502,0.152178,0.031482,-0.409872,0.379482,wf_current_only_s8_p8_o0_H30_wfstrict_rolling.csv_vs_baseline.html,-0.107857,-0.227227,-0.222530,-0.198013,0.107774,-0.246197,-0.023356,
