,Baseline,daily_dir_s10_p12_o0_H30_proto_k5.csv,daily_dir_s10_p16_o0_H30_proto_k5.csv,daily_dir_s10_p20_o0_H30_proto_k5.csv,daily_dir_s10_p8_o0_H30_proto_k5.csv,daily_dir_s15_p12_o0_H30_proto_k5.csv,daily_dir_s15_p16_o0_H30_proto_k5.csv,daily_dir_s15_p20_o0_H30_proto_k5.csv,daily_dir_s15_p8_o0_H30_proto_k5.csv,daily_dir_s5_p12_o0_H30_proto_k5.csv,daily_dir_s5_p16_o0_H30_proto_k5.csv,daily_dir_s5_p20_o0_H30_proto_k5.csv,daily_dir_s5_p8_o0_H30_proto_k5.csv,daily_dir_s8_p12_o0_H30_proto_k5.csv,daily_dir_s8_p16_o0_H30_proto_k5.csv,daily_dir_s8_p20_o0_H30_proto_k5.csv,daily_dir_s8_p8_o0_H30_proto_k5.csv
2021-05-02,-0.010853,,,,0.010853,,,,,-0.010853,-0.010853,-0.010853,-0.010853,,,,0.010853
2021-05-05,0.115909,,,,-0.115909,,,,,0.115909,0.115909,0.115909,0.115909,,,,-0.115909
2021-05-07,-0.043352,,,,0.043352,,,,,-0.043352,,-0.043352,-0.043352,,,,0.043352
2021-05-09,0.013752,,,,-0.013752,,,,,0.013752,,0.013752,0.013752,,0.013752,,-0.013752
2021-05-12,-0.108744,,,,0.108744,,,,,-0.108744,,-0.108744,,,-0.108744,,0.108744
2021-05-14,-0.060153,,,,0.060153,,,,,-0.060153,,-0.060153,,,-0.060153,,0.060153
2021-05-16,-0.015423,-0.004409,,,0.015423,,,,-0.004409,-0.015423,-0.004409,-0.015423,-0.004409,-0.004409,-0.015423,,0.015423
2021-05-19,0.020826,,,,-0.020826,,,,,0.020826,,0.020826,,,,,-0.020826
2021-05-21,-0.005892,,,,0.005892,,,,,,-0.005892,-0.005892,,,,,0.005892
2021-05-23,0.003793,,,,-0.003793,,,,,,0.003793,0.003793,,,,,-0.003793
2021-05-26,-0.073261,,,,0.073261,,,,,,-0.073261,-0.073261,,,,,0.073261
2021-05-28,0.056712,,,,-0.056712,,,,,,0.056712,0.056712,,,,,-0.056712
2021-05-30,0.023435,,,,-0.023435,,,,,,0.023435,0.023435,,,,,-0.023435
2021-06-02,-0.003430,,,,,,,,,,-0.003430,-0.003430,,,,,
2021-06-04,-0.019122,,,,,,,,,,-0.019122,-0.019122,,,,,
2021-06-06,0.008929,,,,,,,,,,0.008929,0.008929,,,,,
2021-06-09,0.029154,,,,,,,,,,0.029154,0.029154,,,,,
2021-06-11,-0.024102,,-0.024102,,,,,,,,-0.024102,-0.024102,,-0.024102,,,
2021-06-13,0.017849,,0.017849,,,,,,,,0.017849,0.017849,,0.017849,,,
2021-06-16,-0.009922,,-0.009922,,,,,,,,-0.009922,-0.009922,,-0.009922,,,
2021-06-18,0.019643,,0.019643,,,,,,,,0.019643,0.019643,,0.019643,,,
2021-06-20,-0.022031,,-0.022031,,,,,,,,-0.022031,-0.022031,,-0.022031,,,
2021-06-23,-0.001346,,-0.001346,,,,,,,,-0.001346,-0.001346,,-0.001346,,,
2021-06-25,-0.013360,,-0.013360,,,,,,,,-0.013360,-0.013360,,-0.013360,,,
2021-06-27,0.000405,,0.000405,,,,,,,,0.000405,0.000405,,0.000405,,0.000405,
2021-06-30,-0.024538,,-0.024538,,,-0.024538,,,,,-0.024538,-0.024538,,-0.024538,,-0.024538,
2021-07-02,-0.024163,,-0.024163,,,-0.024163,,,,,-0.024163,-0.024163,,-0.024163,,-0.024163,
2021-07-04,0.009809,,0.009809,,,0.009809,,,,,0.009809,0.009809,,0.009809,,,
2021-07-07,-0.019333,,-0.019333,,,-0.019333,,,,,-0.019333,-0.019333,,-0.019333,,,
2021-07-09,-0.031424,,-0.031424,,,-0.031424,,,,,-0.031424,-0.031424,,-0.031424,,,
2021-07-11,-0.004052,-0.004052,-0.004052,,,-0.004052,,,,,-0.004052,-0.004052,-0.004052,-0.004052,,,
2021-07-14,0.004642,0.004642,0.004642,,,0.004642,,,,,0.004642,0.004642,0.004642,0.004642,,0.004642,
2021-07-16,-0.017593,-0.017593,-0.017593,,,-0.017593,,,-0.017593,,-0.017593,-0.017593,-0.017593,-0.017593,,-0.017593,
2021-07-18,0.044993,0.044993,0.044993,,,0.044993,,,0.044993,,0.044993,0.044993,0.044993,0.044993,,0.044993,
2021-07-21,0.057996,0.057996,0.057996,0.057996,,0.057996,,,0.057996,,0.057996,0.057996,0.057996,0.057996,0.057996,0.057996,
2021-07-23,0.134874,0.134874,0.134874,0.134874,,0.134874,,,0.134874,,0.134874,0.134874,0.134874,0.134874,0.134874,0.134874,
2021-07-25,0.013261,0.013261,0.013261,0.013261,,0.013261,,,0.013261,,0.013261,0.013261,0.013261,0.013261,0.013261,0.013261,
2021-07-28,-0.006064,0.004584,-0.006064,0.004584,0.031751,0.004584,,,0.004584,-0.031751,0.004584,0.004584,-0.006064,-0.006064,-0.006064,0.004584,0.031751
2021-07-30,0.011202,0.011202,0.011202,0.011202,,0.011202,,,0.011202,,0.011202,0.011202,0.011202,0.011202,0.011202,0.011202,
2021-08-01,0.019090,0.020298,0.019090,0.020298,,0.020298,,,0.020298,,0.020298,0.020298,0.019090,0.019090,0.019090,0.020298,
2021-08-04,-0.002311,-0.002311,-0.002311,-0.002311,,-0.002311,,,-0.002311,-0.002311,-0.002311,-0.002311,-0.002311,-0.002311,-0.002311,-0.002311,
2021-08-06,0.017426,0.017426,0.017426,0.017426,,0.017426,,,0.017426,0.017426,0.017426,0.017426,0.017426,0.017426,0.017426,0.017426,
2021-08-08,-0.021493,-0.021493,-0.021493,-0.021493,,-0.021493,,,-0.021493,-0.021493,-0.021493,-0.021493,-0.021493,-0.021493,-0.021493,-0.021493,
2021-08-11,0.036723,0.036723,0.036723,0.036723,,0.036723,,,0.036723,0.036723,0.036723,0.036723,0.036723,0.036723,0.036723,0.036723,
2021-08-13,0.010554,0.010554,0.010554,0.010554,,0.010554,,,0.010554,0.010554,0.010554,0.010554,0.010554,0.010554,0.010554,0.010554,-0.010554
2021-08-15,-0.057910,-0.057910,-0.057910,-0.057910,,-0.057910,,,-0.057910,-0.057910,-0.057910,-0.057910,-0.057910,-0.057910,-0.057910,-0.057910,0.057910
2021-08-18,0.065890,0.065890,0.065890,0.065890,,0.065890,,,0.065890,0.065890,0.065890,0.065890,0.065890,0.065890,0.065890,0.065890,-0.065890
2021-08-20,0.014445,0.014445,0.014445,0.014445,,0.014445,,,0.014445,0.014445,,0.014445,0.014445,0.014445,0.014445,0.014445,-0.014445
2021-08-22,-0.029412,-0.029412,-0.029412,-0.029412,,-0.029412,,,-0.029412,-0.029412,,-0.029412,-0.029412,-0.029412,-0.029412,-0.029412,0.029412
2021-08-25,0.003701,0.003701,0.003701,0.003701,,0.003701,,,0.003701,0.003701,,0.003701,0.003701,0.003701,0.003701,0.003701,-0.003701
2021-08-27,-0.002660,-0.002660,-0.002660,-0.002660,,-0.002660,,,-0.002660,-0.002660,,-0.002660,-0.002660,-0.002660,-0.002660,-0.002660,0.002660
2021-08-29,0.031048,0.031048,0.031048,0.031048,-0.031048,0.031048,0.031048,,0.031048,0.031048,,0.031048,0.031048,0.031048,0.031048,0.031048,-0.031048
2021-09-01,-0.011732,-0.011732,-0.011732,-0.011732,0.011732,-0.011732,-0.011732,,-0.011732,-0.011732,,-0.011732,-0.011732,-0.011732,-0.011732,-0.011732,0.011732
2021-09-03,0.025262,0.025262,0.025262,0.025262,-0.025262,0.025262,0.025262,,0.025262,0.025262,,,0.025262,0.025262,0.025262,0.025262,-0.025262
2021-09-05,0.000290,0.000290,0.000290,0.000290,-0.000290,0.000290,0.000290,,0.000290,0.000290,,,0.000290,0.000290,0.000290,0.000290,-0.000290
2021-09-08,0.071253,0.005998,0.005998,0.005998,-0.005998,0.005998,0.005998,,0.005998,0.071253,,,0.071253,0.071253,0.071253,0.005998,-0.071253
2021-09-10,-0.043319,-0.043319,-0.043319,-0.043319,0.043319,-0.043319,-0.043319,,-0.043319,-0.043319,,,-0.043319,-0.043319,-0.043319,-0.043319,0.043319
2021-09-12,-0.015682,-0.015682,-0.015682,-0.015682,0.015682,-0.015682,-0.015682,,-0.015682,-0.015682,,,-0.015682,-0.015682,-0.015682,-0.015682,0.015682
2021-09-15,-0.032503,-0.032503,-0.032503,-0.032503,0.032503,-0.032503,-0.032503,,-0.032503,-0.032503,,,-0.032503,-0.032503,-0.032503,-0.032503,0.032503
2021-09-17,-0.012828,0.003390,0.003390,0.003390,-0.003390,0.003390,-0.012828,,0.003390,-0.012828,,,-0.012828,-0.012828,-0.012828,0.003390,0.012828
2021-09-19,-0.007649,0.003577,0.003577,-0.007649,-0.003577,0.003577,-0.007649,,0.003577,-0.007649,,,-0.007649,-0.007649,-0.007649,0.003577,0.007649
2021-09-22,0.058972,0.058972,0.058972,0.058972,-0.058972,0.058972,0.058972,,0.058972,0.058972,,,0.058972,0.058972,0.058972,0.058972,-0.058972
2021-09-24,-0.037765,-0.033684,-0.033684,-0.037765,0.033684,-0.033684,-0.037765,,-0.033684,-0.037765,-0.032196,-0.032196,-0.037765,-0.037765,-0.037765,-0.033684,0.037765
2021-09-26,-0.005129,0.001066,0.001066,-0.005129,-0.001066,0.001066,-0.005129,,0.001066,-0.005129,-0.012985,-0.012985,-0.005129,-0.005129,-0.005129,0.001066,0.005129
2021-09-29,0.038333,0.038333,0.038333,0.038333,-0.038333,0.038333,0.038333,,0.038333,0.038333,,,,0.038333,0.038333,0.038333,-0.038333
2021-10-01,-0.042596,-0.042596,-0.039095,-0.042596,0.039095,-0.039095,-0.042596,,-0.039095,-0.042596,,,,-0.042596,-0.042596,-0.039095,0.042596
2021-10-03,-0.017721,-0.017721,-0.029479,-0.017721,0.029479,-0.029479,-0.017721,,-0.029479,-0.017721,,,,-0.017721,-0.017721,-0.029479,0.017721
2021-10-06,0.023829,0.023829,0.026262,0.023829,-0.026262,0.026262,0.023829,,0.026262,0.023829,,,,0.023829,0.023829,0.026262,-0.023829
2021-10-08,0.020434,0.020434,0.018121,0.020434,-0.018121,0.018121,0.020434,,0.018121,0.020434,0.008809,0.008809,0.008809,0.020434,0.020434,0.018121,-0.020434
2021-10-10,0.017053,0.017053,0.019706,0.017053,-0.019706,0.019706,0.017053,,0.019706,0.017053,-0.004019,-0.004019,-0.004019,0.017053,0.017053,0.019706,-0.017053
2021-10-13,-0.013521,-0.013521,-0.028894,-0.013521,0.028894,-0.028894,-0.013521,,-0.028894,-0.013521,0.015989,0.015989,0.015989,-0.013521,-0.013521,-0.028894,0.013521
2021-10-15,0.029678,0.029678,0.029678,0.029678,-0.029678,0.029678,0.029678,,0.029678,0.029678,,,,0.029678,0.029678,0.029678,-0.029678
2021-10-17,-0.010734,-0.010734,-0.008789,-0.010734,0.008789,-0.008789,-0.010734,,-0.008789,-0.010734,,,,-0.010734,-0.010734,-0.008789,0.010734
2021-10-20,-0.000103,-0.000103,-0.002660,-0.000103,0.002660,-0.002660,-0.000103,,-0.002660,-0.000103,0.008645,0.008645,-0.000103,-0.000103,-0.000103,-0.002660,0.000103
2021-10-22,0.020875,0.020875,0.015239,0.020875,-0.015239,0.015239,0.020875,,0.015239,0.020875,,,0.020875,0.020875,0.020875,0.015239,-0.020875
2021-10-24,0.016209,0.016209,0.016209,0.016209,-0.016209,0.016209,0.016209,,0.016209,0.016209,,,0.016209,0.016209,,0.016209,-0.016209
2021-10-27,0.009106,0.009106,0.009106,0.009106,-0.009106,0.009106,0.009106,,0.009106,0.009106,,,0.009106,0.009106,,0.009106,-0.009106
2021-10-29,-0.050670,,-0.050670,-0.050670,0.050670,-0.050670,-0.050670,0.050670,,-0.050670,,,-0.050670,-0.050670,,-0.050670,0.050670
2021-10-31,-0.092881,,-0.100687,-0.092881,0.100687,-0.100687,-0.092881,0.092881,,-0.092881,,,-0.092881,-0.092881,,-0.100687,0.092881
2021-11-03,0.003463,,0.003463,0.003463,-0.003463,0.003463,0.003463,-0.003463,,0.003463,,,0.003463,0.003463,,0.003463,-0.003463
2021-11-05,-0.042425,,-0.042425,-0.042425,0.042425,-0.042425,-0.042425,0.042425,,-0.042425,,,-0.042425,-0.042425,,-0.042425,0.042425
2021-11-07,-0.014865,,-0.013538,-0.014865,0.013538,-0.013538,-0.014865,0.014865,,-0.014865,,,-0.014865,-0.014865,,-0.013538,0.014865
2021-11-10,-0.012118,,-0.012118,-0.012118,0.012118,-0.012118,-0.012118,0.012118,,-0.012118,,,-0.012118,,,-0.012118,0.012118
2021-11-12,-0.017017,,-0.017017,-0.017017,0.017017,-0.017017,-0.017017,0.017017,,-0.017017,,,-0.017017,,,-0.017017,0.017017
2021-11-14,0.025444,,0.025444,0.025444,-0.025444,0.025444,0.025444,-0.025444,,0.025444,,,0.025444,,,0.025444,-0.025444
2021-11-17,-0.006762,,-0.006762,-0.006762,0.006762,-0.006762,-0.006762,0.006762,,-0.006762,,,-0.006762,,,,0.006762
2021-11-19,0.010324,,0.010324,0.010324,-0.010324,0.010324,0.010324,-0.010324,,0.010324,,,0.010324,,,,-0.010324
2021-11-21,0.057876,,0.057876,0.057876,-0.057876,0.057876,0.057876,-0.057876,,0.057876,,,0.057876,,,,-0.057876
2021-11-24,-0.059249,,-0.059249,-0.059249,0.059249,-0.059249,-0.059249,0.059249,,-0.059249,,,-0.059249,,,,0.059249
2021-11-26,-0.000851,,-0.000851,-0.000851,0.000851,-0.000851,-0.000851,0.000851,,-0.000851,,,-0.000851,-0.000851,,,0.000851
2021-11-28,-0.001997,,-0.001997,-0.001997,0.001997,-0.001997,-0.001997,0.001997,,-0.001997,,,,-0.001997,,,0.001997
2021-12-01,-0.022085,,-0.022085,-0.022085,0.022085,-0.022085,-0.022085,0.022085,,-0.022085,,,,-0.022085,,,0.022085
2021-12-03,-0.029382,,-0.029382,-0.029382,0.029382,-0.029382,-0.029382,0.029382,,-0.029382,,,,-0.029382,,,0.029382
2021-12-05,0.001203,,0.001203,0.001203,-0.001203,0.001203,0.001203,-0.001203,,0.001203,,,,0.001203,,,-0.001203
2021-12-08,0.015964,,0.015964,0.015964,-0.015964,0.015964,0.015964,-0.015964,,0.015964,,,,0.015964,,,-0.015964
2021-12-10,0.025438,,0.025438,0.025438,-0.025438,0.025438,0.025438,-0.025438,,0.025438,,,,0.025438,,,-0.025438
2021-12-12,0.024896,,0.024896,0.024896,-0.024896,0.024896,0.024896,-0.024896,,0.024896,,,,0.024896,,,-0.024896
2021-12-15,0.051192,,0.051192,0.051192,-0.051192,0.051192,0.051192,-0.051192,,0.051192,,,,0.051192,,,-0.051192
2021-12-17,0.018090,0.018090,0.018090,0.018090,-0.018090,0.018090,0.018090,-0.018090,,,,,,0.018090,,,-0.018090
2021-12-19,-0.001351,-0.001351,-0.001351,-0.001351,0.001351,-0.001351,-0.001351,0.001351,,,,,,-0.001351,,-0.001351,0.001351
2021-12-22,0.023526,0.023526,0.023526,0.023526,-0.023526,0.023526,0.023526,-0.023526,,,,,,0.023526,,0.023526,-0.023526
2021-12-24,0.010951,0.010951,0.010951,0.010951,-0.010951,0.010951,0.010951,-0.010951,,,,,,0.010951,,0.010951,-0.010951
2021-12-26,-0.003745,-0.003745,-0.003745,-0.003745,0.003745,-0.003745,-0.003745,0.003745,,,,,,-0.003745,,-0.003745,0.003745
2021-12-29,-0.030228,-0.030228,-0.030228,-0.030228,0.030228,-0.030228,-0.030228,0.030228,,,,,,-0.030228,,-0.030228,
2021-12-31,-0.010262,-0.010262,-0.010262,-0.010262,0.010262,-0.010262,-0.010262,0.010262,,,,,,-0.010262,,-0.010262,
2022-01-02,0.014120,0.014120,0.014120,0.014120,-0.014120,0.014120,0.014120,-0.014120,,,0.014120,,,0.014120,,0.014120,
2022-01-05,0.010623,0.010623,0.010623,0.010623,-0.010623,0.010623,0.010623,-0.010623,,,0.010623,,,0.010623,0.010623,0.010623,
2022-01-07,-0.016665,-0.016665,-0.016665,-0.016665,0.012464,-0.016665,-0.016665,0.016665,-0.008387,-0.008387,-0.012464,-0.008387,-0.008387,-0.016665,-0.016665,-0.012464,0.008387
2022-01-09,0.008900,0.008900,0.008900,0.008900,-0.008900,0.008900,0.008900,-0.008900,,,0.008900,,,0.008900,0.008900,0.008900,
2022-01-12,-0.000451,-0.000451,-0.000451,-0.000451,0.000451,-0.000451,-0.000451,,-0.000451,,-0.000451,,,-0.000451,-0.000451,-0.000451,
2022-01-14,0.018334,0.018334,0.018334,0.018334,-0.018334,0.018334,0.018334,,0.018334,,0.018334,,,0.018334,0.018334,0.018334,
2022-01-16,0.037713,0.037713,0.037713,0.037713,,0.037713,0.037713,,0.037713,,0.037713,,,0.037713,0.037713,0.037713,
2022-01-19,-0.034850,-0.034850,-0.034850,-0.034850,,-0.034850,-0.034850,,-0.034850,,-0.034850,,,-0.034850,-0.034850,-0.034850,
2022-01-21,-0.012172,-0.012172,-0.012172,-0.012172,,-0.012172,-0.012172,,-0.012172,,-0.012172,-0.012172,,-0.012172,-0.012172,-0.012172,
2022-01-23,0.026733,0.026733,0.026733,0.026733,,0.026733,0.026733,,0.026733,,0.026733,0.026733,,0.026733,0.026733,0.026733,
2022-01-26,-0.001427,-0.001427,-0.001427,-0.001427,,-0.001427,-0.001427,,-0.001427,,-0.001427,-0.001427,,-0.001427,-0.001427,-0.001427,
2022-01-28,-0.005169,-0.005169,-0.005169,-0.005169,,-0.005169,-0.005169,,-0.005169,,-0.005169,-0.005169,,-0.005169,-0.005169,-0.005169,
2022-01-30,-0.003738,-0.003738,-0.003738,-0.003738,,-0.003738,-0.003738,,-0.003738,,-0.003738,-0.003738,,-0.003738,-0.003738,-0.003738,
2022-02-02,0.000733,0.000733,0.000733,0.000733,,0.000733,0.000733,,0.000733,,0.000733,0.000733,,0.000733,0.000733,0.000733,
2022-02-04,0.002810,0.002810,0.002810,0.002810,,0.002810,0.002810,,0.002810,,0.002810,0.002810,,0.002810,0.002810,0.002810,
2022-02-06,0.020694,0.020694,0.020694,0.020694,,0.020694,0.020694,,0.020694,,0.020694,0.020694,,0.020694,0.020694,0.020694,
2022-02-09,0.007315,0.007315,0.007315,0.007315,,0.007315,0.007315,,0.007315,,0.007315,0.007315,,0.007315,0.007315,0.007315,
2022-02-11,-0.000319,-0.000319,-0.000319,-0.000319,,-0.000319,-0.000319,,-0.000319,,-0.000319,-0.000319,,-0.000319,-0.000319,-0.000319,
2022-02-13,0.006918,0.006918,0.006918,0.006918,,0.006918,0.006918,,0.006918,,0.006918,0.006918,,0.006918,0.006918,0.006918,
2022-02-16,0.001308,0.001308,0.001308,0.001308,,0.001308,0.001308,,0.001308,,0.001308,0.001308,,0.001308,0.001308,0.001308,
2022-02-18,0.004555,0.004555,0.004555,0.004555,,0.004555,0.004555,,0.004555,,0.004555,0.004555,,0.004555,0.004555,0.004555,
2022-02-20,-0.019080,-0.019080,-0.019080,-0.019080,,-0.019080,-0.019080,,-0.019080,,-0.019080,-0.019080,,-0.019080,-0.019080,-0.019080,
2022-02-23,0.019942,0.019942,0.019942,0.019942,,0.019942,0.019942,,0.019942,,0.019942,0.019942,,0.019942,0.019942,0.019942,
2022-02-25,-0.005991,-0.005991,-0.005991,-0.005991,,,-0.005991,,-0.005991,,-0.005991,-0.005991,,-0.005991,-0.005991,-0.005991,
2022-02-27,0.018566,0.018566,0.018566,0.018566,,,0.018566,,0.018566,,0.018566,0.018566,,0.018566,0.018566,0.018566,
2022-03-02,0.001724,0.001724,0.001724,0.001724,,,0.001724,,0.001724,,0.001724,0.001724,0.001724,0.001724,0.001724,0.001724,
2022-03-04,-0.009778,-0.009778,-0.009778,-0.009778,,,-0.009778,,-0.009778,,-0.009778,-0.009778,-0.009778,-0.009778,-0.009778,-0.009778,
2022-03-06,0.003335,0.003335,0.003335,0.003335,,,0.003335,,0.003335,,0.003335,0.003335,0.003335,0.003335,0.003335,0.003335,
2022-03-09,0.009137,0.009137,0.009137,0.009137,,,0.009137,,0.009137,,0.009137,0.009137,0.009137,0.009137,0.009137,0.009137,
2022-03-11,0.018753,0.018753,0.018753,0.018753,,,0.018753,,0.018753,,0.018753,0.018753,0.018753,0.018753,0.018753,0.018753,
2022-03-13,-0.005540,-0.005540,-0.005540,-0.005540,,,-0.005540,,-0.005540,,-0.005540,-0.005540,-0.005540,-0.005540,-0.005540,-0.005540,
2022-03-16,0.019287,0.019287,0.019287,0.019287,,,0.019287,,0.019287,,0.019287,0.019287,0.019287,0.019287,0.019287,0.019287,
2022-03-18,-0.048493,-0.048493,-0.048493,-0.048493,,,-0.048493,,-0.048493,,-0.048493,-0.048493,-0.048493,-0.048493,-0.048493,-0.048493,
2022-03-20,-0.015099,-0.015099,-0.015099,-0.015099,,,-0.015099,,-0.015099,,-0.015099,-0.015099,-0.015099,-0.015099,-0.015099,-0.015099,
2022-03-23,0.020003,0.020003,0.020003,0.020003,,,0.020003,,0.020003,,0.020003,0.020003,0.020003,0.020003,0.020003,0.020003,
2022-03-25,-0.019348,-0.019348,-0.019348,-0.019348,,,-0.019348,,-0.019348,,-0.019348,-0.019348,-0.019348,-0.019348,-0.019348,-0.019348,
2022-03-27,0.021606,0.021606,0.021606,0.021606,,,0.021606,,0.021606,,0.021606,0.021606,0.021606,0.021606,0.021606,0.021606,
2022-03-30,-0.013438,-0.013438,-0.013438,-0.013438,,,-0.013438,,-0.013438,,-0.013438,-0.013438,-0.013438,-0.013438,-0.013438,-0.013438,
2022-04-01,0.008890,0.008890,0.008890,0.008890,,,0.008890,,0.008890,0.008890,0.008890,0.008890,0.008890,0.008890,0.008890,0.008890,
2022-04-03,0.029098,0.029098,0.029098,0.029098,,,0.029098,,0.029098,0.029098,0.029098,0.029098,0.029098,0.029098,0.029098,0.029098,
2022-04-06,-0.024865,-0.024865,,-0.024865,,,-0.024865,,-0.024865,-0.024865,,-0.024865,-0.024865,-0.024865,-0.024865,-0.024865,
2022-04-08,0.013461,0.013461,,0.013461,,,0.013461,,0.013461,0.013461,,0.013461,0.013461,0.013461,0.013461,0.013461,
2022-04-10,0.007619,0.007619,,0.007619,,,0.007619,,0.007619,0.007619,,0.007619,0.007619,0.007619,0.007619,0.007619,
2022-04-13,0.001809,0.001809,,0.001809,,,0.001809,,0.001809,0.001809,,0.001809,0.001809,0.001809,0.001809,0.001809,
2022-04-15,-0.005711,-0.005711,,-0.005711,,,-0.005711,,-0.005711,-0.005711,,-0.005711,-0.005711,-0.005711,-0.005711,-0.005711,
2022-04-17,0.017048,0.017048,,0.017048,,,0.017048,,0.017048,,,0.017048,0.017048,0.017048,0.017048,0.017048,
2022-04-20,-0.009900,-0.009900,,-0.009900,,,-0.009900,,-0.009900,,,-0.009900,-0.009900,-0.009900,-0.009900,-0.009900,
2022-04-22,0.000742,0.000742,,0.000742,,,0.000742,,0.000742,,,0.000742,0.000742,0.000742,0.000742,0.000742,
2022-04-24,0.006304,0.006304,,0.006304,,,0.006304,,0.006304,,,0.006304,0.006304,0.006304,0.006304,0.006304,
2022-04-27,-0.001413,-0.001413,,-0.001413,,,-0.001413,,-0.001413,,,,-0.001413,-0.001413,-0.001413,-0.001413,
2022-04-29,-0.008841,-0.008841,,-0.008841,,,-0.008841,,-0.009464,,,,-0.008841,-0.008841,-0.008841,-0.008841,
2022-05-01,0.024736,0.024736,,0.024736,,,0.024736,,0.024736,,,,0.024736,0.024736,0.024736,0.024736,
2022-05-04,0.024380,0.024380,,0.024380,,,0.024380,,0.024380,,,,0.024380,0.024380,0.024380,0.024380,
2022-05-06,-0.023255,-0.023255,,-0.023255,,,-0.023255,,-0.023255,-0.023255,,,-0.023255,-0.023255,-0.023255,-0.023255,
2022-05-08,-0.011684,-0.011684,,-0.011684,,,-0.011684,,-0.011684,-0.011684,,,-0.011684,-0.011684,-0.011684,-0.011684,
2022-05-11,0.042884,0.042884,,0.042884,,,,,0.042884,0.042884,0.042884,,,0.042884,0.042884,0.042884,
2022-05-13,0.013990,0.013990,,0.013990,,,,,0.013990,0.013990,0.013990,,,0.013990,0.013990,0.013990,
2022-05-15,0.008342,0.008342,,0.008342,,,,,0.008342,0.008342,0.008342,,,0.008342,0.008342,0.008342,
2022-05-18,0.025353,0.025353,,,,,,,0.025353,,0.025353,,,0.025353,0.025353,0.025353,
2022-05-20,-0.008743,-0.008743,,,,,,,-0.008743,,-0.008743,,,-0.008743,-0.008743,-0.008743,
2022-05-22,-0.002520,-0.002520,0.004429,0.004429,-0.004429,0.004429,0.004429,-0.004429,-0.004742,0.004429,-0.004742,-0.004742,0.004429,-0.002520,-0.002520,-0.002520,-0.004429
2022-05-25,-0.019604,-0.019604,,,,,,,-0.019604,,-0.019604,-0.019604,,-0.019604,-0.019604,-0.019604,
2022-05-27,0.006017,0.006017,,,,,,,0.006017,,0.006017,0.006017,,0.006017,0.006017,0.006017,
2022-05-29,0.006689,0.006689,,,,,,,0.006689,,0.006689,0.006689,,0.006689,0.006689,0.006689,
2022-06-01,0.004103,0.004103,,,,,,,0.004103,,,0.004103,,0.004103,0.004103,0.004103,
2022-06-03,-0.018276,-0.018276,,,,,,,-0.018276,,,-0.018276,,-0.018276,-0.018276,-0.018276,
2022-06-05,0.001040,0.001040,,,,,,,0.001040,,,0.001040,,0.001040,0.001040,0.001040,
2022-06-08,0.008092,0.008622,,,,,,,0.008092,,,0.008622,,0.008092,0.008092,0.008092,
2022-06-10,-0.003131,-0.003131,,,,,,,-0.003131,,-0.003131,-0.003131,,-0.003131,-0.003131,-0.003131,
2022-06-12,0.008918,0.008918,,,,,,,0.008918,,0.008918,0.008918,,0.008918,0.008918,0.008918,
2022-06-15,-0.032422,-0.032422,,,,,,,-0.032422,,-0.032422,-0.032422,,-0.032422,-0.032422,-0.032422,
2022-06-17,-0.006723,-0.006723,,,,,,,-0.006723,,-0.006723,-0.006723,,-0.006723,-0.006723,-0.006723,
2022-06-19,-0.022583,-0.022583,,,,,,,-0.022583,,-0.022583,-0.022583,,-0.022583,-0.022583,-0.022583,
2022-06-22,-0.003951,-0.003926,-0.002573,-0.002573,0.002573,-0.002573,-0.002573,0.002573,-0.003951,-0.002573,-0.003926,-0.003926,-0.002573,-0.003951,-0.003951,-0.003951,0.002573
2022-06-24,0.003825,-0.008338,0.010345,0.010345,-0.010345,0.010345,0.010345,-0.010345,0.003825,0.010345,-0.008338,-0.008338,0.010345,0.003825,0.003825,0.003825,-0.010345
2022-06-26,0.026310,0.015161,0.018488,0.018488,-0.018488,0.018488,0.018488,-0.018488,0.026310,0.018488,0.015161,0.015161,0.018488,0.026310,0.026310,0.026310,-0.018488
2022-06-29,0.006514,0.002492,0.006251,0.006251,-0.006251,0.006251,0.006251,-0.006251,0.006514,0.006251,0.002492,0.002492,0.006251,0.006514,0.006514,0.006514,-0.006251
2022-07-01,-0.004719,-0.001079,-0.004808,-0.004808,0.004808,-0.004808,-0.004808,0.004808,-0.004719,-0.004808,-0.001079,-0.001079,-0.004808,-0.004719,-0.004719,-0.004719,0.004808
2022-07-03,0.003372,0.001610,0.003567,0.003567,-0.003567,0.003567,0.003567,-0.003567,0.003372,0.003567,0.001610,0.001610,0.003567,0.003372,0.003372,0.003372,-0.003567
2022-07-06,0.002744,0.006901,-0.002559,-0.002559,0.002559,-0.002559,-0.002559,0.002559,0.002744,-0.002559,0.006901,0.006901,-0.002559,0.002744,0.002744,0.002744,0.002559
2022-07-08,0.010442,-0.001347,0.013798,0.013798,-0.013798,0.013798,0.013798,-0.013798,0.010442,0.013798,-0.001347,-0.001347,0.013798,0.010442,0.010442,0.010442,-0.013798
2022-07-10,0.001001,0.004054,-0.000919,-0.000919,0.000919,-0.000919,-0.000919,-0.001001,0.001001,-0.000919,0.004054,0.004054,-0.000919,0.001001,0.001001,0.001001,0.000919
2022-07-13,0.004653,0.004653,,,,,,-0.004653,0.004653,,0.004653,0.004653,,0.004653,0.004653,0.004653,
2022-07-15,0.013506,0.014764,-0.002328,-0.002328,0.002328,-0.002328,-0.002328,-0.013506,0.013506,-0.002328,0.014764,0.014764,-0.002328,0.013506,0.013506,0.013506,0.002328
2022-07-17,0.017886,0.017886,,,,,,-0.017886,0.017886,,0.017886,0.017886,,0.017886,0.017886,0.017886,
2022-07-20,0.016721,0.016721,,,,,,-0.016721,0.016721,,0.016721,0.016721,,0.016721,0.016721,0.016721,
2022-07-22,-0.006080,-0.008681,,,,,,0.006080,-0.006080,,-0.008681,-0.008681,,-0.006080,-0.006080,-0.006080,
2022-07-24,-0.009444,-0.009444,,,,,,0.009444,-0.009444,,-0.009444,-0.009444,,-0.009444,-0.009444,-0.009444,
2022-07-27,-0.006951,-0.009161,,,,,,0.006951,-0.009161,,-0.009161,-0.009161,,-0.006951,-0.006951,-0.006951,
2022-07-29,-0.012733,-0.012733,,,,,,0.012733,-0.012733,,-0.012733,-0.012733,,-0.012733,-0.012733,-0.012733,
2022-07-31,0.014793,0.014793,,,,,,-0.014793,0.014793,,0.014793,0.014793,,0.014793,0.014793,0.014793,
2022-08-03,-0.003593,-0.003593,,,,,,0.003593,-0.003593,,-0.003593,-0.003593,,-0.003593,-0.003593,-0.003593,
2022-08-05,-0.007129,-0.007129,,,,,,0.007129,-0.007129,,-0.007129,-0.007129,-0.007129,-0.007129,-0.007129,-0.007129,
2022-08-07,-0.002682,-0.002682,,,,,,0.002682,-0.002682,,-0.002682,-0.002682,-0.002682,-0.002682,-0.002682,-0.002682,
2022-08-10,-0.030005,-0.030005,,,,,,0.030005,-0.030005,,-0.030005,-0.030005,-0.030005,-0.030005,-0.030005,-0.030005,
2022-08-12,0.012722,0.012722,,,,,,-0.012722,0.012722,,0.012722,0.012722,0.012722,0.012722,0.012722,0.012722,
2022-08-14,-0.008440,-0.006662,,,,,,0.008440,-0.006662,,-0.006662,-0.006662,-0.008440,-0.008440,-0.008440,-0.008440,
2022-08-17,-0.023287,-0.019238,-0.014172,-0.014172,0.014172,-0.014172,-0.014172,0.023287,-0.019238,-0.014172,-0.019238,-0.019238,-0.023287,-0.023287,-0.023287,-0.023287,0.014172
2022-08-19,-0.021408,-0.015486,,,,,,0.021408,-0.015486,,-0.015486,-0.015486,-0.021408,-0.021408,-0.021408,-0.021408,
2022-08-21,-0.000714,-0.000714,,,,,,0.000714,-0.000714,,-0.000714,-0.000714,-0.000714,-0.000714,-0.000714,-0.000714,
2022-08-24,0.013718,0.013718,,,,,,-0.013718,0.013718,0.013718,0.013718,0.013718,0.013718,0.013718,0.013718,0.013718,
2022-08-26,0.018986,0.018986,,,,,,-0.018986,0.018986,0.018986,0.018986,0.018986,0.018986,0.018986,0.018986,0.018986,
2022-08-28,-0.009548,-0.009548,,,,,,0.009548,-0.009548,-0.009548,-0.009548,-0.009548,-0.009548,-0.009548,-0.009548,-0.009548,
2022-08-31,0.018616,0.018616,,,,,,-0.018616,0.018616,0.018616,0.018616,0.018616,0.018616,0.018616,0.018616,0.018616,
2022-09-02,0.008732,0.008732,,,,,,-0.008732,0.008732,0.008732,0.008732,0.008732,0.008732,0.008732,0.008732,0.008732,
2022-09-04,0.002000,0.002000,,,,,,-0.002000,0.002000,0.002000,0.002000,0.002000,0.002000,0.002000,0.002000,0.002000,
2022-09-07,-0.001344,0.005399,,,,,,0.001344,0.005399,-0.001344,0.005399,0.005399,-0.001344,-0.001344,-0.001344,-0.001344,
2022-09-09,0.017757,0.032711,-0.009089,-0.009089,0.009089,-0.009089,-0.009089,-0.017757,0.032711,0.017757,0.032711,0.032711,0.017757,0.017757,0.017757,0.017757,0.009089
2022-09-11,0.026794,0.025377,0.004672,0.004672,-0.004672,0.004672,0.004672,-0.026794,0.025377,0.026794,0.025377,0.025377,0.026794,0.026794,0.026794,0.026794,-0.004672
2022-09-14,0.024257,0.026592,,,,,,-0.024257,0.026592,0.024257,,0.026592,0.024257,0.024257,0.024257,0.024257,
2022-09-16,-0.003334,-0.004280,-0.000026,-0.000026,0.000026,-0.000026,-0.000026,0.003334,-0.004280,-0.003334,-0.000026,-0.004280,-0.003334,-0.003334,-0.003334,-0.003334,0.000026
2022-09-18,-0.015545,-0.012919,-0.022382,-0.022382,0.022382,-0.022382,-0.022382,0.015545,-0.012919,-0.015545,-0.022382,-0.012919,-0.015545,-0.015545,-0.015545,-0.015545,0.022382
2022-09-21,0.009946,0.014770,-0.009802,-0.009802,0.009802,-0.009802,-0.009802,-0.009946,0.014770,0.009946,-0.009802,0.014770,0.009946,0.009946,0.009946,0.009946,0.009802
2022-09-23,-0.017098,-0.010788,-0.009863,-0.009863,0.009863,-0.009863,-0.009863,0.017098,-0.010788,-0.017098,-0.009863,-0.010788,-0.017098,-0.017098,-0.017098,-0.017098,0.009863
2022-09-25,0.001418,-0.024871,0.031049,0.031049,-0.031049,0.031049,0.031049,-0.001418,-0.024871,0.001418,0.031049,-0.024871,0.001418,0.001418,0.001418,0.001418,-0.031049
2022-09-28,0.011961,0.025632,-0.006429,-0.006429,0.006429,-0.006429,-0.006429,-0.011961,0.025632,0.011961,-0.006429,0.025632,0.011961,0.011961,0.011961,0.011961,0.006429
2022-09-30,-0.003912,0.000671,-0.007005,-0.007005,0.007005,-0.007005,-0.007005,0.003912,0.000671,-0.003912,-0.007005,0.000671,-0.003912,-0.003912,-0.003912,-0.003912,0.007005
2022-10-02,-0.014731,-0.021818,-0.007251,-0.007251,0.007251,-0.007251,-0.007251,0.014731,-0.021818,-0.014731,-0.007251,-0.021818,-0.014731,-0.014731,-0.014731,-0.014731,0.007251
2022-10-05,-0.011934,-0.011987,-0.004773,-0.004773,0.011987,-0.004773,-0.004773,0.011934,-0.011987,-0.011934,-0.004773,-0.004773,-0.011934,-0.011934,-0.011934,-0.011934,0.004773
2022-10-07,0.017516,0.023537,0.011137,0.011137,-0.023537,0.011137,0.011137,-0.017516,0.023537,0.017516,0.011137,0.011137,0.017516,0.017516,0.017516,0.017516,-0.011137
2022-10-09,-0.009742,-0.006244,-0.005400,-0.005400,0.006244,-0.005400,-0.005400,0.009742,-0.006244,-0.009742,-0.005400,-0.005400,-0.009742,-0.009742,-0.009742,-0.009742,0.005400
2022-10-12,0.002886,0.002886,,,-0.002886,,,-0.002886,0.002886,0.002886,,,0.002886,0.002886,0.002886,0.002886,
2022-10-14,0.017888,0.017888,,,-0.017888,,,-0.017888,0.017888,,,,0.017888,0.017888,0.017888,0.017888,
2022-10-16,0.005304,0.001983,0.010247,0.010247,-0.001983,0.010247,0.010247,-0.005304,0.001983,0.010247,0.010247,0.010247,0.005304,0.005304,0.005304,0.005304,-0.010247
2022-10-19,0.023278,0.023278,,,-0.023278,,,-0.023278,0.023278,,,,0.023278,0.023278,0.023278,0.023278,
2022-10-21,-0.023032,-0.023032,,,0.023032,,,0.023032,-0.023032,,,,-0.023032,-0.023032,-0.023032,-0.023032,
2022-10-23,-0.008941,-0.008941,,,0.008941,,,0.008941,-0.008941,,,,-0.008941,-0.008941,-0.008941,-0.008941,
2022-10-26,-0.010496,-0.010496,,,0.010496,,,0.010496,-0.010496,,,,-0.010496,-0.010496,-0.010496,-0.010496,
2022-10-28,-0.005570,-0.005570,,,0.005570,,,0.005570,-0.005570,,,,-0.005570,-0.005570,-0.005570,-0.005570,
2022-10-30,0.010629,0.010629,,,-0.010629,,,-0.010629,0.010629,,,,0.010629,0.010629,0.010629,0.010629,
2022-11-02,-0.021995,-0.021995,,,,,,0.021995,-0.021995,,,,,-0.021995,-0.021995,-0.021995,
2022-11-04,-0.022666,-0.022666,,,,,,0.022666,-0.022666,,,,,-0.022666,-0.022666,-0.022666,
2022-11-06,-0.008641,-0.008641,,,,,,0.008641,-0.008641,,,,,-0.008641,-0.008641,-0.008641,
2022-11-09,-0.020977,-0.020977,,,,,,0.020977,-0.020977,-0.020977,,,,-0.020977,-0.020977,-0.020977,
2022-11-11,0.013927,0.013927,,,,,,-0.013927,0.013927,0.013927,,,,0.013927,0.013927,0.013927,
2022-11-13,0.012836,0.012836,,,,,,-0.012836,0.012836,0.012836,,,,0.012836,0.012836,0.012836,
2022-11-16,0.016470,0.016470,,,,,,-0.016470,0.016470,0.016470,,,,0.016470,0.016470,0.016470,
2022-11-18,0.040748,0.040748,,,,,,-0.040748,0.040748,0.040748,0.040748,,,0.040748,0.040748,0.040748,
2022-11-20,-0.031149,-0.031149,,,,,,0.031149,-0.031149,-0.031149,-0.031149,,,-0.031149,-0.031149,-0.031149,
2022-11-23,0.013857,0.013857,,,,,,-0.013857,0.013857,,0.013857,0.013857,,0.013857,0.013857,0.013857,
2022-11-25,0.000606,0.000606,,,,,,-0.000606,0.000606,,0.000606,0.000606,,0.000606,0.000606,0.000606,
2022-11-27,-0.003778,-0.003778,,,,,,0.003778,-0.003778,,-0.003778,-0.003778,,-0.003778,-0.003778,-0.003778,
2022-11-30,-0.001471,-0.001471,,,,,,0.001471,-0.001471,,-0.001471,-0.001471,,-0.001471,-0.001471,-0.001471,
2022-12-02,0.023267,0.023267,,,,,,-0.023267,0.023267,,0.023267,0.023267,,0.023267,0.023267,0.023267,
2022-12-04,0.005221,0.005221,,,,,,-0.005221,0.005221,,0.005221,0.005221,,0.005221,0.005221,0.005221,
2022-12-07,0.002284,0.002284,,,,,,-0.002284,0.002284,,0.002284,0.002284,,0.002284,0.002284,0.002284,
2022-12-09,0.036109,0.036109,0.123114,0.123114,-0.123114,0.123114,0.123114,-0.036109,-0.022943,0.123114,-0.022943,-0.022943,0.123114,0.036109,0.036109,0.036109,-0.123114
2022-12-11,-0.008772,-0.008772,,,,,,0.008772,-0.008772,,-0.008772,-0.008772,,-0.008772,-0.008772,-0.008772,
2022-12-14,-0.000267,-0.000267,0.013038,0.013038,-0.013038,0.013038,0.013038,0.000267,-0.006924,0.013038,-0.006924,-0.006924,0.013038,-0.000267,-0.000267,-0.000267,-0.013038
2022-12-16,0.012576,0.012576,0.004334,0.004334,-0.004334,0.004334,0.004334,-0.012576,0.004858,0.004334,0.004858,0.004858,0.004334,0.012576,0.012576,0.012576,-0.004334
2022-12-18,0.001548,0.001548,0.008334,0.008334,-0.008334,0.008334,0.008334,-0.001548,-0.007210,0.008334,-0.007210,-0.007210,0.008334,0.001548,0.001548,0.001548,-0.008334
2022-12-21,0.025706,0.025706,0.002323,0.002323,-0.002323,0.002323,0.002323,-0.025706,0.027035,0.002323,0.027035,0.027035,0.002323,0.025706,0.025706,0.025706,-0.002323
2022-12-23,-0.007076,-0.007076,-0.003639,-0.008192,0.008192,-0.008192,-0.008192,0.007076,-0.003639,-0.008192,-0.003639,-0.003639,-0.008192,-0.007076,-0.007076,-0.007076,0.008192
2022-12-25,-0.000400,-0.000400,0.009104,-0.026405,0.026405,-0.026405,-0.026405,0.000400,0.009104,-0.026405,0.009104,0.009104,-0.026405,-0.000400,-0.000400,-0.000400,0.026405
2022-12-28,0.004517,0.004517,0.002357,0.000508,-0.000508,0.000508,0.000508,-0.004517,0.002357,0.000508,0.002357,0.002357,0.000508,0.004517,0.004517,0.004517,-0.000508
2022-12-30,0.012796,0.012796,0.005455,,,,,-0.012796,0.005455,,0.005455,0.005455,,0.012796,0.012796,0.012796,
2023-01-01,-0.005038,-0.005038,-0.006785,,,,,0.005038,-0.006785,,-0.006785,-0.006785,,-0.005038,-0.005038,-0.005038,
2023-01-04,0.002191,0.002191,0.008075,-0.002932,0.002932,-0.002932,-0.002932,-0.002191,0.008075,-0.002932,0.008075,0.008075,-0.002932,0.002191,0.002191,0.002191,0.002932
2023-01-06,0.003485,0.003485,0.011960,-0.004666,0.004666,-0.004666,-0.004666,-0.003485,0.011960,-0.004666,0.011960,0.011960,-0.004666,0.003485,0.003485,0.003485,0.004666
2023-01-08,0.022146,0.022146,0.024056,-0.005729,0.005729,-0.005729,-0.005729,-0.022146,0.024056,-0.005729,0.024056,0.024056,-0.005729,0.022146,0.022146,0.022146,0.005729
2023-01-11,0.026745,0.026745,0.029680,,,,,-0.026745,0.029680,,0.029680,0.029680,,0.026745,0.026745,0.026745,
2023-01-13,-0.008669,-0.008669,-0.008669,,,,,0.008669,-0.008669,,-0.008669,-0.008669,,-0.008669,-0.008669,-0.008669,
2023-01-15,0.006558,0.006558,0.014981,-0.025271,0.025271,-0.025271,-0.025271,-0.006558,0.014981,-0.025271,0.014981,0.014981,-0.025271,0.006558,0.006558,0.006558,0.025271
2023-01-18,0.032075,0.032075,0.029937,0.007517,-0.007517,0.007517,0.007517,-0.032075,0.029937,0.007517,0.029937,0.029937,0.007517,0.032075,0.032075,0.032075,-0.007517
2023-01-20,-0.001620,-0.001620,0.002470,-0.004706,0.004706,-0.004706,-0.004706,0.001620,0.002470,-0.004706,0.002470,0.002470,-0.004706,-0.001620,-0.001620,-0.001620,0.004706
2023-01-22,0.000366,0.000366,-0.020180,0.014813,-0.014813,0.014813,0.014813,-0.000366,-0.020180,0.014813,-0.020180,-0.020180,0.000366,0.000366,0.000366,0.000366,-0.014813
2023-01-25,0.004871,0.004871,0.013794,-0.009693,0.009693,-0.009693,-0.009693,-0.004871,0.013794,-0.009693,0.013794,0.013794,0.004871,0.004871,0.004871,0.004871,0.009693
2023-01-27,-0.003947,-0.003947,-0.003947,,,,,0.003947,-0.003947,-0.003947,,,-0.003947,-0.003947,-0.003947,-0.003947,
2023-01-29,-0.028371,-0.028371,-0.025313,,,,,0.028371,-0.025313,-0.028371,,,-0.028371,-0.028371,-0.028371,-0.028371,
2023-02-01,0.014016,0.014016,0.014016,0.014016,,,,-0.014016,0.014016,0.014016,,,0.014016,0.014016,0.014016,0.014016,-0.014016
2023-02-03,-0.025783,-0.025783,-0.025783,-0.025783,,,,0.025783,-0.025783,-0.025783,,,-0.025783,-0.025783,-0.025783,-0.025783,0.025783
2023-02-05,-0.030765,-0.030765,-0.030765,-0.030765,,,,0.030765,-0.030765,-0.030765,,,-0.030765,-0.030765,-0.030765,-0.030765,0.030765
2023-02-08,-0.028799,-0.028799,-0.028799,-0.028799,,,,0.028799,-0.028799,-0.028799,,,-0.028799,-0.028799,,-0.028799,0.028799
2023-02-10,0.011586,0.011586,0.011586,0.011586,-0.011586,,,-0.011586,0.011586,0.011586,,,0.011586,0.011586,,0.011586,-0.011586
2023-02-12,0.000249,0.000249,0.000249,0.000249,-0.000249,,,-0.000249,0.000249,0.000249,,,0.000249,0.000249,,0.000249,-0.000249
2023-02-15,-0.008732,-0.008732,-0.008732,-0.008732,0.008732,,,0.008732,-0.008732,-0.008732,,,-0.008732,-0.008732,,-0.008732,0.008732
2023-02-17,0.014435,0.014435,0.014435,0.014435,-0.014435,,,-0.014435,0.014435,0.014435,,,0.014435,0.014435,,0.014435,-0.014435
2023-02-19,0.028550,0.028550,-0.062536,0.028550,0.062536,,,-0.028550,-0.062536,0.028550,,,0.028550,0.028550,,-0.062536,-0.028550
2023-02-22,0.004756,0.004756,0.004756,0.004756,-0.004756,0.004756,,-0.004756,,0.004756,,,0.004756,0.004756,,0.004756,-0.004756
2023-02-24,-0.013630,-0.013630,-0.013630,-0.013630,0.013630,-0.013630,,0.013630,,-0.013630,,,-0.013630,-0.013630,,-0.013630,0.013630
2023-02-26,-0.009216,-0.009216,-0.009216,-0.009216,0.009216,-0.009216,,0.009216,,-0.009216,,,-0.009216,-0.009216,,-0.009216,0.009216
2023-03-01,-0.000201,-0.000201,-0.000201,-0.000201,0.000201,-0.000201,,0.000201,,-0.000201,,,-0.000201,-0.000201,,-0.000201,0.000201
2023-03-03,-0.000595,-0.000595,-0.000595,-0.000595,0.000595,-0.000595,,0.000595,,-0.000595,,,-0.000595,-0.000595,,-0.000595,0.000595
2023-03-05,-0.001108,-0.001108,-0.001108,-0.001108,0.001108,-0.001108,,0.001108,,-0.001108,,,-0.001108,,,-0.001108,0.001108
2023-03-08,-0.014309,-0.014309,-0.014309,-0.014309,0.014309,-0.014309,-0.014309,,,-0.014309,,,,,,-0.014309,0.014309
2023-03-10,-0.025991,-0.025991,-0.025991,-0.025991,0.025991,-0.025991,-0.025991,,,-0.025991,,,,,,-0.025991,0.025991
2023-03-12,0.039412,0.039412,0.039412,0.039412,-0.039412,0.039412,0.039412,,,0.039412,,,,,,0.039412,-0.039412
2023-03-15,-0.018926,-0.018926,-0.018926,-0.018926,0.018926,-0.018926,-0.018926,,,-0.018926,,,,,,-0.018926,0.018926
2023-03-17,0.041490,0.041490,0.041490,0.041490,-0.041490,0.041490,0.041490,,,0.041490,,,,,,0.041490,-0.041490
2023-03-19,0.069290,0.069290,0.077277,0.069290,-0.077277,0.077277,0.069290,,,0.069290,,,,,,0.077277,-0.069290
2023-03-22,0.011363,0.011363,0.011299,0.011363,-0.011299,0.011299,0.011363,,,,,,,,,,-0.011363
2023-03-24,0.011029,0.011029,0.011029,0.011029,-0.011029,0.011029,0.011029,,,,,,,,,,-0.011029
2023-03-26,-0.002137,-0.002137,-0.003078,-0.002137,0.003078,-0.003078,-0.002137,,,,,,,,,,0.002137
2023-03-29,0.016381,0.016381,0.009088,0.016381,-0.009088,0.009088,0.016381,,,,,,,,,,-0.016381
2023-03-31,0.000439,0.000439,0.000439,0.000439,-0.000439,0.000439,0.000439,,,,,,,,,,-0.000439
2023-04-02,-0.008606,-0.008606,-0.005173,-0.008606,0.005173,-0.005173,-0.008606,,,,,,,,,,0.008606
2023-04-05,0.004836,0.004836,0.004836,0.004836,-0.004836,0.004836,0.004836,,,,,,,,,,-0.004836
2023-04-07,0.009296,0.009296,0.009296,0.009296,-0.009296,0.009296,0.009296,,,,,,,,,,-0.009296
2023-04-09,0.009300,0.009300,0.009300,0.009300,-0.009300,0.009300,0.009300,,,,,,,,,,-0.009300
2023-04-12,0.005689,-0.009503,0.005689,0.010983,-0.010983,0.010983,0.010983,0.009503,-0.009503,-0.009503,-0.009503,-0.009503,0.005689,-0.009503,-0.009503,-0.009503,-0.005689
2023-04-14,-0.006020,0.002991,-0.006020,-0.006275,0.006275,-0.006275,-0.006275,-0.002991,0.002991,0.002991,0.002991,0.002991,-0.006020,0.002991,0.002991,0.002991,0.006020
2023-04-16,-0.001471,,-0.001471,-0.001471,0.001471,-0.001471,-0.001471,,,,,,-0.001471,,,,0.001471
2023-04-19,-0.012735,,-0.012735,-0.012735,0.012735,-0.012735,-0.012735,,,,,,-0.012735,,,,0.012735
2023-04-21,-0.017809,,-0.017809,-0.017809,0.017809,-0.017809,-0.017809,,,,,,-0.017809,,,,0.017809
2023-04-23,-0.013321,,-0.013321,-0.013321,0.013321,-0.013321,-0.013321,,,,,,-0.013321,,,,0.013321
2023-04-26,-0.005550,,-0.005550,-0.005550,0.005550,-0.005550,-0.005550,,,-0.005550,,,-0.005550,,,,0.005550
2023-04-28,-0.010099,,-0.010099,-0.010099,0.010099,-0.010099,-0.010099,,,-0.010099,,,-0.010099,,,,0.010099
2023-04-30,-0.018175,,-0.018175,-0.018175,0.018175,-0.018175,-0.018175,,,-0.018175,,,-0.018175,,,,0.018175
2023-05-03,0.005350,,0.005350,0.005350,-0.005350,0.005350,0.005350,,,0.005350,,,0.005350,,,,-0.005350
2023-05-05,0.017580,,0.017580,0.017580,-0.017580,0.017580,0.017580,,,0.017580,,,0.017580,,,,-0.017580
2023-05-07,-0.005749,,-0.005749,-0.005749,0.005749,-0.005749,-0.005749,,,-0.005749,,,-0.005749,,,,0.005749
2023-05-10,0.015728,,0.015728,0.015728,-0.015728,0.015728,0.015728,,,0.015728,,,0.015728,,,,-0.015728
2023-05-12,0.017228,,0.017228,0.017228,-0.017228,0.017228,0.017228,,,0.017228,,,0.017228,,,,-0.017228
2023-05-14,0.004605,,0.004605,0.004605,-0.004605,0.004605,0.004605,,,0.004605,,,0.004605,,,,-0.004605
2023-05-17,0.021725,0.004451,0.021725,,,0.021725,,-0.004451,0.004451,0.021725,0.004451,0.004451,0.021725,0.004451,0.004451,0.004451,-0.021725
2023-05-19,-0.009923,-0.009883,-0.009923,,,-0.009923,,0.009883,-0.009883,-0.009923,-0.009883,-0.009883,-0.009923,-0.009883,-0.009883,-0.009883,0.009923
2023-05-21,0.003067,0.000427,0.003067,,,0.003067,,-0.003067,0.000427,0.003067,0.000427,0.000427,0.003067,0.000427,0.000427,0.000427,-0.003067
2023-05-24,-0.017810,-0.020497,-0.017810,,,-0.017810,,0.017810,-0.020497,-0.017810,-0.020497,-0.020497,-0.017810,-0.020497,-0.020497,-0.020497,0.017810
2023-05-26,0.008063,0.008052,0.008063,0.002917,-0.002917,0.008063,0.002917,-0.008063,0.008052,0.008063,0.008052,0.008052,0.008063,0.008052,0.008052,0.008052,-0.008063
2023-05-28,0.010259,0.007454,0.010259,0.006947,-0.006947,0.010259,0.006947,-0.010259,0.007454,0.010259,0.007454,0.007454,0.010259,0.007454,0.007454,0.007454,-0.010259
2023-05-31,0.002165,0.006783,0.002165,-0.004890,0.004890,0.002165,-0.004890,-0.002165,0.006783,0.002165,0.006783,0.006783,0.002165,0.002165,0.006783,0.006783,-0.002165
2023-06-02,-0.001748,-0.008771,-0.001748,0.007287,-0.007287,-0.001748,0.007287,0.001748,-0.008771,-0.001748,-0.008771,-0.008771,-0.001748,-0.001748,-0.008771,-0.008771,0.001748
2023-06-04,0.000714,,0.000714,-0.001310,0.001310,0.000714,-0.001310,-0.000714,,0.000714,,,0.000714,0.000714,,,-0.000714
2023-06-07,-0.031181,,-0.031181,-0.035567,0.035567,-0.031181,-0.035567,0.031181,,-0.031181,,,-0.031181,-0.031181,,,0.031181
2023-06-09,-0.006029,,-0.006029,-0.006029,0.006029,-0.006029,-0.006029,0.006029,,-0.006029,,,-0.006029,-0.006029,,,
2023-06-11,0.017538,,0.017538,0.017538,-0.017538,0.017538,0.017538,-0.017538,,0.017538,,,0.017538,0.017538,,,
2023-06-14,-0.019384,,-0.019384,-0.019384,0.019384,-0.019384,-0.019384,0.019384,,-0.019384,,,-0.019384,-0.019384,,,
2023-06-16,-0.004306,,-0.004306,-0.004306,0.004306,-0.004306,-0.004306,0.004306,,-0.004306,,,-0.004306,-0.004306,,,
2023-06-18,0.018539,,0.018539,0.018539,-0.018539,0.018539,0.018539,-0.018539,,0.018539,,,0.018539,0.018539,,,
2023-06-21,-0.032246,,-0.032246,-0.032246,0.032246,-0.032246,-0.032246,0.032246,,-0.032246,,,-0.032246,-0.032246,,,
2023-06-23,-0.017559,,-0.017559,-0.017559,0.017559,-0.017559,-0.017559,0.017559,,-0.017559,,,-0.017559,-0.017559,,,
2023-06-25,0.022747,,0.022747,0.022747,-0.022747,0.022747,0.022747,-0.022747,,0.022747,,,0.022747,0.022747,,,
2023-06-28,0.007079,,0.007079,0.007079,-0.007079,0.007079,0.007079,-0.007079,,0.007079,,,0.007079,0.007079,,,
2023-06-30,-0.005035,,-0.005035,-0.005035,0.005035,-0.005035,-0.005035,0.005035,,-0.005035,,,-0.005035,-0.005035,,,
2023-07-02,-0.003732,,-0.003732,-0.003732,0.003732,-0.003732,-0.003732,0.003732,,-0.003732,,,-0.003732,-0.003732,,,
2023-07-05,-0.014056,,-0.014056,-0.014056,0.014056,-0.014056,-0.014056,0.014056,,-0.014056,,,-0.014056,-0.014056,,,
2023-07-07,0.020276,,0.020276,0.020599,-0.020599,0.020276,0.020599,-0.020276,,0.020276,,,0.020276,0.020276,,,
2023-07-09,0.003741,,0.003741,0.003741,-0.003741,0.003741,0.003741,-0.003741,,0.003741,,,0.003741,0.003741,,,
2023-07-12,-0.010568,,-0.010568,-0.010568,0.010568,-0.010568,-0.010568,0.010568,,-0.010568,,,-0.010568,-0.010568,,,
2023-07-14,0.004561,,0.004561,0.004561,-0.004561,0.004561,0.004561,-0.004561,,0.004561,,,0.004561,0.004561,,,
2023-07-16,-0.004762,,-0.004762,-0.004762,0.004762,-0.004762,-0.004762,0.004762,,-0.004762,,,-0.004762,-0.004762,,,
2023-07-19,-0.002291,,-0.002291,-0.002291,0.002291,-0.002291,-0.002291,0.002291,,-0.002291,,,-0.002291,-0.002291,,,
2023-07-21,-0.002943,,-0.002943,-0.002943,0.002943,-0.002943,-0.002943,0.002943,,-0.002943,,,-0.002943,-0.002943,,,
2023-07-23,-0.001523,,-0.001523,-0.001523,0.001523,-0.001523,-0.001523,0.001523,,-0.001523,,,-0.001523,-0.001523,,,
2023-07-26,-0.012371,,-0.012371,-0.000657,0.000657,-0.012371,-0.000657,0.012371,,-0.012371,,,-0.012371,-0.012371,,,
2023-07-28,0.002689,,0.002689,0.002689,-0.002689,0.002689,0.002689,-0.002689,,0.002689,,,0.002689,0.002689,,,
2023-07-30,-0.024675,-0.024675,-0.024675,-0.024675,0.024675,-0.024675,-0.024675,0.024675,,-0.024675,,,-0.024675,-0.024675,,,
2023-08-02,0.014728,0.014728,0.014728,0.014728,-0.014728,0.014728,0.014728,-0.014728,,0.014728,,,0.014728,0.014728,,,
2023-08-04,0.007273,0.007273,0.007273,0.007273,-0.007273,0.007273,0.007273,-0.007273,,0.007273,,,0.007273,0.007273,,,
2023-08-06,0.007914,0.007914,0.007914,0.007914,-0.007914,0.007914,0.007914,-0.007914,,0.007914,,,0.007914,0.007914,,,
2023-08-09,0.005967,0.005967,0.005967,0.005967,-0.005967,0.005967,0.005967,-0.005967,,0.005967,,,0.005967,0.005967,,,
2023-08-11,-0.001135,-0.001135,-0.001135,-0.001135,0.001135,-0.001135,-0.001135,0.001135,,-0.001135,,,-0.001135,-0.001135,,-0.001135,
2023-08-13,-0.015107,-0.015107,-0.015107,-0.015107,0.015107,-0.015107,-0.015107,0.015107,,-0.015107,,,-0.015107,-0.015107,,-0.015107,
2023-08-16,-0.007865,-0.007865,-0.007865,0.002647,-0.002647,-0.007865,0.002647,0.007865,,-0.007865,,,,-0.007865,,0.002647,
2023-08-18,-0.024308,-0.024308,-0.024308,-0.024308,0.024308,-0.024308,-0.024308,0.024308,,-0.024308,,,,-0.024308,,-0.024308,
2023-08-20,0.001288,0.001288,0.001288,-0.007273,0.007273,0.001288,-0.007273,-0.001288,0.001288,0.001288,0.009971,0.009971,0.009971,0.001288,0.009971,-0.007273,-0.009971
2023-08-23,0.003803,0.003803,0.003803,0.003803,-0.003803,0.003803,0.003803,-0.003803,0.003803,0.003803,,,,0.003803,,0.003803,
2023-08-25,-0.002985,-0.002985,-0.002985,-0.002985,0.002985,-0.002985,-0.002985,0.002985,-0.002985,-0.002985,,,,-0.002985,,-0.002985,
2023-08-27,0.000239,0.000239,0.000239,0.000374,-0.000374,0.000239,0.000374,-0.000239,0.000239,0.000239,,,,0.000239,,0.000374,
2023-08-30,-0.009843,-0.009843,-0.009843,-0.009843,0.009843,-0.009843,-0.009843,0.009843,-0.009843,,,,,-0.009843,,-0.009843,
2023-09-01,0.005153,0.005153,0.005153,0.002056,-0.002056,0.005153,0.002056,-0.005153,0.005153,0.007464,0.007464,0.007464,0.007464,0.005153,0.007464,0.002056,-0.007464
2023-09-03,-0.009374,-0.009374,-0.009374,-0.012005,0.012005,-0.009374,-0.012005,0.009374,-0.009374,0.000438,0.000438,0.000438,0.000438,-0.009374,0.000438,-0.012005,-0.000438
2023-09-06,-0.003246,-0.003246,-0.003246,-0.000619,0.000619,-0.003246,-0.000619,0.003246,-0.003246,-0.003156,-0.003156,-0.003156,-0.003156,-0.003246,-0.003246,-0.000619,0.003156
2023-09-08,0.003464,0.003464,0.003464,-0.000333,-0.008013,0.003464,-0.000333,-0.003464,0.003464,0.008013,-0.000333,0.008013,0.008013,0.003464,0.003464,-0.000333,-0.008013
2023-09-10,0.009637,0.009637,0.009637,0.005394,,0.009637,0.005394,-0.009637,0.009637,,0.005394,,,0.009637,0.009637,0.005394,
2023-09-13,0.006731,0.006731,0.006731,0.007843,,0.006731,0.007843,-0.006731,0.006731,,0.007843,,,0.006731,0.006731,0.007843,
2023-09-15,-0.005829,-0.005829,-0.005829,-0.005829,,-0.005829,-0.005829,0.005829,-0.005829,,-0.005829,,,-0.005829,-0.005829,-0.005829,
2023-09-17,-0.017222,-0.017222,-0.017222,-0.017222,,-0.017222,-0.017222,0.017222,-0.017222,,-0.017222,,,-0.017222,-0.017222,-0.017222,
2023-09-20,-0.000932,-0.000932,-0.000932,-0.000932,,-0.000932,-0.000932,0.000932,-0.000932,,-0.000932,,,-0.000932,-0.000932,-0.000932,
2023-09-22,-0.007390,-0.007390,-0.006085,-0.007390,,-0.007390,-0.006085,0.007390,-0.007390,,-0.006085,,,-0.007390,-0.007390,-0.006085,
2023-09-24,-0.003594,-0.003594,-0.003604,-0.003594,-0.000032,-0.003594,-0.003604,0.003594,-0.003594,0.000032,-0.003604,0.000032,0.000032,-0.003594,-0.003594,-0.003604,-0.000032
2023-09-27,-0.007129,-0.007129,-0.008599,-0.007129,,-0.007129,-0.008599,0.007129,-0.007129,,-0.008599,,,-0.007129,-0.007129,-0.008599,
2023-09-29,-0.002128,-0.002128,-0.002128,-0.002128,,-0.002128,-0.002128,0.002128,-0.002128,,-0.002128,,,-0.002128,-0.002128,-0.002128,
2023-10-01,-0.000429,-0.000429,-0.000429,-0.000429,,-0.000429,-0.000429,0.000429,-0.000429,,-0.000429,,,-0.000429,-0.000429,-0.000429,
2023-10-04,-0.010226,-0.010226,-0.010226,-0.010226,,-0.010226,-0.010226,0.010226,-0.010226,,-0.010226,-0.010226,,-0.010226,-0.010226,-0.010226,
2023-10-06,0.000666,0.000666,0.000666,0.000666,,0.000666,0.000666,-0.000666,0.000666,,0.000666,0.000666,,0.000666,0.000666,0.000666,
2023-10-08,0.001693,0.001693,0.001693,0.001693,,0.001693,0.001693,-0.001693,0.001693,,0.001693,0.001693,,0.001693,0.001693,0.001693,
2023-10-11,-0.003859,-0.003859,0.002965,-0.003859,0.018175,-0.003859,0.002965,0.003859,-0.003859,-0.018175,0.002965,0.002965,-0.018175,-0.003859,-0.003859,-0.003859,0.018175
2023-10-13,-0.019515,-0.019515,-0.009266,-0.019515,0.021948,-0.019515,-0.009266,0.019515,-0.019515,-0.021948,-0.009266,-0.009266,-0.021948,-0.019515,-0.019515,-0.019515,0.021948
2023-10-15,-0.004157,-0.004157,0.005900,-0.004157,0.010720,-0.004157,0.005900,0.004157,-0.004157,-0.010720,0.005900,0.005900,-0.010720,-0.004157,-0.004157,-0.004157,0.010720
2023-10-18,-0.020034,-0.020034,,-0.020034,0.025160,,,0.020034,-0.020034,-0.025160,,,-0.025160,-0.020034,-0.020034,-0.020034,0.025160
2023-10-20,-0.002704,-0.002704,0.006171,-0.002704,0.005089,0.006171,0.006171,0.002704,-0.002704,-0.005089,0.006171,0.006171,-0.005089,-0.002704,-0.002704,-0.002704,0.005089
2023-10-22,0.002172,0.002172,-0.001616,0.002172,,-0.001616,-0.001616,-0.002172,0.002172,,-0.001616,-0.001616,,0.002172,0.002172,0.002172,
2023-10-25,-0.008227,-0.008227,-0.008227,-0.008227,,-0.008227,-0.008227,0.008227,-0.008227,,-0.008227,-0.008227,,-0.008227,-0.008227,-0.008227,
2023-10-27,0.012537,0.012537,0.012537,0.012537,,0.012537,0.012537,-0.012537,0.012537,,0.012537,0.012537,,0.012537,0.012537,0.012537,
2023-10-29,0.003222,0.003222,0.003222,0.003222,,0.003222,0.003222,-0.003222,0.003222,,0.003222,0.003222,0.003222,0.003222,0.003222,0.003222,
2023-11-01,0.037065,0.037065,0.037065,0.037065,,0.037065,0.037065,-0.037065,0.037065,,0.037065,0.037065,0.037065,0.037065,0.037065,0.037065,
2023-11-03,-0.003720,-0.003720,-0.003720,-0.003720,,-0.003720,-0.003720,0.003720,-0.003720,,-0.003720,-0.003720,-0.003720,-0.003720,-0.003720,-0.003720,
2023-11-05,0.044868,0.044868,0.044868,0.044868,,0.044868,0.044868,-0.044868,0.044868,,0.044868,0.044868,0.044868,0.044868,0.044868,0.044868,
2023-11-08,-0.010442,-0.010442,-0.010442,-0.010442,,-0.010442,-0.010442,0.010442,-0.010442,-0.010442,-0.010442,,-0.010442,-0.010442,,-0.010442,0.010442
2023-11-10,-0.013647,-0.013647,-0.013647,-0.013647,,-0.013647,-0.013647,0.013647,-0.013647,-0.013647,-0.013647,,-0.013647,-0.013647,,-0.013647,0.013647
2023-11-12,0.032740,0.032740,0.032740,0.032740,,0.032740,0.032740,-0.032740,0.032740,0.032740,0.032740,,0.032740,0.032740,,0.032740,-0.032740
2023-11-15,0.039861,0.039861,0.039861,0.039861,,0.039861,0.039861,-0.039861,0.039861,0.039861,0.039861,,0.039861,0.039861,,0.039861,-0.039861
2023-11-17,0.003844,0.003844,0.003844,0.003844,-0.003844,0.003844,0.003844,-0.003844,0.003844,0.003844,,,0.003844,0.003844,,0.003844,-0.003844
2023-11-19,0.004776,0.004776,0.004776,0.004776,-0.004776,0.004776,0.004776,-0.004776,0.004776,0.004776,,,0.004776,0.004776,,0.004776,-0.004776
2023-11-22,0.027285,0.027285,0.027285,0.027285,-0.027285,0.027285,0.027285,-0.027285,0.027285,0.027285,,,0.027285,0.027285,,0.027285,-0.027285
2023-11-24,-0.002217,-0.002217,-0.000084,-0.002217,0.000084,-0.000084,-0.000084,0.002217,-0.002217,-0.002217,-0.002079,-0.002079,-0.002217,-0.002217,-0.002079,-0.000084,0.002217
2023-11-26,-0.016916,-0.016916,-0.016916,-0.016916,0.016916,-0.016916,-0.016916,0.016916,-0.016916,-0.016916,,,-0.016916,-0.016916,,-0.016916,0.016916
2023-11-29,-0.012769,-0.012769,-0.012769,-0.012769,0.012769,-0.012769,-0.012769,0.012769,-0.012769,-0.012769,,,-0.012769,-0.012769,,-0.012769,0.012769
2023-12-01,-0.011804,-0.011804,-0.009604,-0.009604,0.009604,-0.009604,-0.009604,0.011804,-0.011804,-0.011804,,,-0.011804,-0.011804,,-0.009604,0.011804
2023-12-03,-0.005764,-0.005764,-0.002692,-0.002692,0.002692,-0.005764,-0.002692,0.005764,-0.005764,-0.005764,,,-0.005764,-0.005764,,-0.002692,0.005764
2023-12-06,0.022387,0.022387,0.022387,0.022387,-0.022387,0.022387,0.022387,-0.022387,0.022387,0.022387,,,0.022387,0.022387,,0.022387,-0.022387
2023-12-08,-0.000063,-0.000063,-0.000063,-0.000063,0.000063,-0.000063,-0.000063,0.000063,-0.000063,-0.000063,,,-0.000063,-0.000063,,-0.000063,0.000063
2023-12-10,-0.035643,-0.035643,-0.035643,-0.035643,0.035643,-0.035643,-0.035643,0.035643,-0.035643,-0.035643,,,-0.035643,-0.035643,,,0.035643
2023-12-13,-0.007310,-0.007310,-0.007310,-0.007310,0.007310,-0.007310,-0.007310,0.007310,-0.007310,-0.007310,,,-0.007310,-0.007310,,,0.007310
2023-12-15,0.002686,0.002686,0.002686,0.002686,-0.002686,0.002686,0.002686,-0.002686,0.002686,0.002686,,,0.002686,0.002686,,,-0.002686
2023-12-17,-0.022769,-0.022769,-0.022769,-0.022769,0.022769,-0.022769,-0.022769,0.022769,-0.022769,-0.022769,,,-0.022769,-0.022769,,,0.022769
2023-12-20,0.054648,0.054648,0.054648,0.054648,-0.054648,0.054648,0.054648,-0.054648,0.054648,0.054648,,,0.054648,0.054648,,,-0.054648
2023-12-22,-0.017738,-0.017738,-0.017738,-0.017738,0.017738,-0.017738,-0.017738,0.017738,-0.017738,-0.017738,,,-0.017738,-0.017738,,,0.017738
2023-12-24,0.033301,0.033301,0.033301,0.033301,-0.033301,0.033301,0.033301,-0.033301,0.033301,0.033301,,,0.033301,0.033301,,,-0.033301
2023-12-27,-0.073495,,-0.073495,-0.073495,0.073495,-0.073495,-0.073495,0.073495,-0.073495,-0.073495,,,-0.073495,,,,0.073495
2023-12-29,-0.033163,,-0.033163,-0.033163,0.033163,-0.033163,-0.033163,0.033163,-0.033163,-0.033163,,,-0.033163,,,,0.033163
2023-12-31,-0.016751,,-0.016751,-0.016751,0.016751,-0.016751,-0.016751,0.016751,-0.016751,-0.016751,,,-0.016751,,,,0.016751
2024-01-03,0.006367,0.039246,0.006367,-0.030257,0.030257,0.006367,-0.030257,-0.006367,0.039246,0.006367,0.039246,0.039246,0.006367,0.039246,0.039246,0.039246,-0.006367
2024-01-05,-0.012596,-0.003907,-0.012596,-0.011838,0.011838,-0.012596,-0.011838,0.012596,-0.003907,-0.012596,-0.003907,-0.003907,-0.012596,-0.003907,-0.003907,-0.003907,0.012596
2024-01-07,0.006482,0.002472,0.006482,0.005407,-0.005407,0.006482,0.005407,-0.006482,0.002472,0.006482,0.002472,0.002472,0.006482,0.002472,0.002472,0.002472,-0.006482
2024-01-10,-0.014183,-0.017883,-0.014183,,,-0.014183,,0.014183,-0.017883,-0.014183,-0.017883,-0.017883,-0.014183,-0.017883,-0.017883,-0.017883,0.014183
2024-01-12,0.000960,0.002853,0.000960,0.000009,-0.000009,0.000960,0.000009,-0.000960,0.002853,0.000960,0.002853,0.002853,0.000960,0.002853,0.002853,0.002853,-0.000960
2024-01-14,-0.001166,,-0.001166,-0.001166,0.001166,-0.001166,-0.001166,0.001166,,-0.001166,,,-0.001166,,,,0.001166
2024-01-17,-0.000503,,-0.000503,0.000452,-0.000452,-0.000503,0.000452,0.000503,,-0.000503,,,-0.000503,,,,0.000503
2024-01-19,-0.013140,,-0.013140,-0.013140,0.013140,-0.013140,-0.013140,0.013140,,-0.013140,,,-0.013140,,,,0.013140
2024-01-21,0.001047,,0.001047,-0.000973,0.000973,0.001047,-0.000973,-0.001047,,0.001047,,,0.001047,,,,-0.001047
2024-01-24,-0.004538,,-0.004538,-0.004538,0.004538,-0.004538,-0.004538,0.004538,,-0.004538,,,-0.004538,,,,0.004538
2024-01-26,0.008896,0.003098,0.008896,0.008127,-0.008127,0.008896,0.008127,-0.008896,0.003098,0.008896,0.003098,0.003098,0.003098,0.003098,0.003098,0.003098,-0.008896
2024-01-28,0.002234,0.008989,0.002234,-0.002327,0.002327,0.002234,-0.002327,-0.002234,0.008989,0.002234,0.008989,0.008989,0.008989,0.008989,0.008989,0.008989,-0.002234
2024-01-31,-0.007321,,-0.007321,-0.007321,0.007321,-0.007321,-0.007321,0.007321,,-0.007321,,,,,,,0.007321
2024-02-02,-0.002889,,-0.002889,-0.002889,0.002889,-0.002889,-0.002889,0.002889,,-0.002889,,,,,,,0.002889
2024-02-04,-0.004384,,-0.004384,-0.004384,0.004384,-0.004384,-0.004384,0.004384,,-0.004384,,,,,,,0.004384
2024-02-07,0.008736,,0.008736,0.008736,-0.008736,0.008736,0.008736,-0.008736,,,,,,,,,-0.008736
2024-02-09,-0.028361,,-0.028361,-0.028361,0.028361,-0.028361,-0.028361,0.028361,,,,,,,,,0.028361
2024-02-11,-0.028214,,-0.028214,-0.028214,0.028214,-0.028214,-0.028214,0.028214,,,,,,-0.028214,,,0.028214
2024-02-14,-0.010828,,-0.010828,-0.010828,0.010828,-0.010828,-0.010828,0.010828,,,,,,-0.010828,,,0.010828
2024-02-16,-0.005126,,-0.005126,-0.005126,0.005126,-0.005126,-0.005126,0.005126,,,,,,-0.005126,,,0.005126
2024-02-18,-0.007792,,-0.007792,-0.007792,0.007792,-0.007792,-0.007792,0.007792,,,,,,-0.007792,,,0.007792
2024-02-21,0.007938,,0.007938,0.007938,-0.007938,0.007938,0.007938,-0.007938,,,,,0.007938,0.007938,,,-0.007938
2024-02-23,-0.011688,,-0.011688,-0.011688,0.011688,-0.011688,-0.011688,0.011688,,,,,-0.011688,-0.011688,,,0.011688
2024-02-25,0.005706,,0.005706,0.005706,-0.005706,0.005706,0.005706,-0.005706,,,,,0.005706,0.005706,,,-0.005706
2024-02-28,0.014245,,0.014245,0.014245,-0.014245,0.014245,0.014245,-0.014245,,,,,0.014245,0.014245,,,-0.014245
2024-03-01,0.052059,,0.052059,0.052059,-0.052059,0.052059,0.052059,-0.052059,,,,,0.052059,0.052059,,,-0.052059
2024-03-03,-0.001148,,-0.001148,-0.001148,0.001148,-0.001148,-0.001148,0.001148,,,,,-0.001148,-0.001148,,,0.001148
2024-03-06,0.017171,,0.017171,0.017171,-0.017171,0.017171,0.017171,-0.017171,,0.017171,,,0.017171,,,,-0.017171
2024-03-08,-0.029834,,-0.029834,-0.029834,0.029834,-0.029834,-0.029834,0.029834,,-0.029834,,,-0.029834,,,,0.029834
2024-03-10,-0.022769,,-0.022769,-0.022769,0.022769,-0.022769,-0.022769,0.022769,,-0.022769,,,-0.022769,,,,0.022769
2024-03-13,-0.008264,,-0.008264,-0.008264,0.008264,-0.008264,-0.008264,0.008264,,-0.008264,,,-0.008264,,,,0.008264
2024-03-15,0.011607,,0.011607,0.011607,-0.011607,0.011607,0.011607,-0.011607,,0.011607,,,0.011607,,,,-0.011607
2024-03-17,0.027321,,0.027321,0.027321,-0.027321,0.027321,0.027321,-0.027321,,0.027321,,,0.027321,,,,-0.027321
2024-03-20,-0.006544,,-0.006544,-0.006544,0.006544,-0.006544,-0.006544,0.006544,,-0.006544,,,-0.006544,,,,0.006544
2024-03-22,0.024700,,0.024700,0.024700,-0.024700,0.024700,0.024700,-0.024700,,0.024700,,,0.024700,,,,-0.024700
2024-03-24,0.022028,,0.022028,0.022028,-0.022028,0.022028,0.022028,-0.022028,,0.022028,,,0.022028,,,,-0.022028
2024-03-27,-0.017556,,-0.017556,-0.017556,0.017556,-0.017556,-0.017556,0.017556,,-0.017556,,,-0.017556,,,,0.017556
2024-03-29,-0.029438,-0.031844,-0.029438,-0.014964,0.014964,-0.029438,-0.014964,0.029438,-0.031844,-0.029438,-0.031844,-0.031844,-0.029438,-0.031844,-0.031844,-0.031844,0.029438
2024-03-31,0.006829,,0.006829,0.006829,-0.006829,0.006829,0.006829,-0.006829,,0.006829,,,0.006829,,,,-0.006829
2024-04-03,-0.005083,,-0.005083,-0.005083,0.005083,-0.005083,-0.005083,0.005083,,-0.005083,,,-0.005083,,,,0.005083
2024-04-05,0.002428,,0.002428,0.002428,-0.002428,0.002428,0.002428,-0.002428,,0.002428,,,0.002428,,,,-0.002428
2024-04-07,0.000230,,0.000230,0.000230,-0.000230,0.000230,0.000230,-0.000230,,0.000230,,,0.000230,,,,-0.000230
2024-04-10,-0.001997,,-0.001997,-0.001997,0.001997,-0.001997,-0.001997,0.001997,,-0.001997,,,-0.001997,,,,0.001997
2024-04-12,-0.036302,,-0.036302,-0.036302,0.036302,-0.036302,-0.036302,0.036302,,-0.036302,,,-0.036302,,,,0.036302
2024-04-14,-0.004199,,-0.004199,-0.004199,0.004199,-0.004199,-0.004199,0.004199,,-0.004199,,,-0.004199,,,,0.004199
2024-04-17,-0.014669,,-0.014669,-0.014669,0.014669,-0.014669,-0.014669,0.014669,,-0.014669,,,-0.014669,,,,0.014669
2024-04-19,-0.004379,,-0.004379,-0.004379,0.004379,-0.004379,-0.004379,0.004379,,-0.004379,,,-0.004379,,,,0.004379
2024-04-21,0.008866,,0.008866,0.007119,-0.007119,0.008866,0.007119,-0.008866,,0.008866,,,0.008866,,,,-0.008866
2024-04-24,0.013659,,0.013659,0.013259,-0.013259,0.013659,0.013259,-0.013659,,0.013659,,,0.013659,,,,-0.013659
2024-04-26,0.040020,0.023345,0.040020,0.032850,-0.032850,0.040020,0.032850,-0.040020,0.023345,0.040020,0.023345,0.023345,0.023345,0.023345,0.023345,0.023345,-0.040020
2024-04-28,0.004232,-0.004883,0.004232,0.025069,-0.025069,0.004232,0.025069,-0.004232,-0.004883,0.004232,-0.004883,-0.004883,-0.004883,-0.004883,-0.004883,-0.004883,-0.004232
2024-05-01,-0.018836,0.012776,-0.018836,-0.022220,0.022220,-0.018836,-0.022220,0.018836,0.012776,-0.018836,0.012776,0.012776,0.012776,0.012776,0.012776,0.012776,0.018836
2024-05-03,0.009237,,0.009237,0.007461,-0.007461,0.009237,0.007461,-0.009237,,0.009237,,,,,,,-0.009237
2024-05-05,-0.010569,,-0.010569,-0.010569,0.010569,-0.010569,-0.010569,0.010569,,-0.010569,,,,,,,0.010569
2024-05-08,0.002149,-0.002171,0.002149,0.007053,-0.007053,0.002149,0.007053,-0.002149,-0.002171,0.002149,-0.002171,-0.002171,-0.002171,-0.002171,-0.002171,-0.002171,-0.002149
2024-05-10,0.006628,-0.007196,0.006628,0.009120,-0.009120,0.006628,0.009120,-0.006628,-0.007196,-0.007196,-0.007196,-0.007196,-0.007196,-0.007196,-0.007196,-0.007196,-0.006628
2024-05-12,0.002203,0.013683,0.002203,-0.004246,0.004246,0.002203,-0.004246,-0.002203,0.013683,0.013683,0.013683,0.013683,0.013683,0.013683,0.013683,0.013683,-0.002203
2024-05-15,0.004669,0.034063,0.004669,-0.017977,0.017977,0.004669,-0.017977,-0.004669,0.034063,0.034063,0.034063,0.034063,0.034063,0.034063,0.034063,0.034063,-0.004669
2024-05-17,-0.016731,-0.018967,-0.016731,-0.008423,0.008423,-0.016731,-0.008423,0.016731,-0.018967,-0.018967,-0.018967,-0.018967,-0.018967,-0.018967,-0.018967,-0.018967,0.016731
2024-05-19,0.006666,,0.006666,0.003091,-0.003091,0.006666,0.003091,-0.006666,,,,,,,,,-0.006666
2024-05-22,-0.010868,,-0.010868,-0.010868,0.010868,-0.010868,-0.010868,0.010868,,,,,,,,,0.010868
2024-05-24,-0.015399,,-0.015399,-0.015399,0.015399,-0.015399,-0.015399,0.015399,,,,,,,,,0.015399
2024-05-26,-0.003728,,-0.003728,-0.003728,0.003728,-0.003728,-0.003728,0.003728,,,,,,,,,0.003728
2024-05-29,0.000663,,0.000663,0.000663,-0.000663,0.000663,0.000663,-0.000663,,,,,,,,,-0.000663
2024-05-31,-0.012775,,-0.012775,-0.012775,0.012775,-0.012775,-0.012775,0.012775,,,,,,,,,0.012775
2024-06-02,-0.010330,,-0.010330,-0.010330,0.010330,-0.010330,-0.010330,0.010330,,,,,,,,,0.010330
2024-06-05,0.038895,,0.038895,0.038895,-0.038895,0.038895,0.038895,-0.038895,,,0.038895,,,,,,-0.038895
2024-06-07,-0.010882,,-0.010882,-0.010882,0.010882,-0.010882,-0.010882,0.010882,,,-0.010882,,,,,,0.010882
2024-06-09,0.014030,,0.014030,0.014030,-0.014030,0.014030,0.014030,-0.014030,,,0.014030,,,,,,-0.014030
2024-06-12,0.028703,,0.028703,0.028703,-0.028703,0.028703,0.028703,-0.028703,,,0.028703,,,,,,
2024-06-14,0.012118,,0.012118,0.012118,,0.012118,0.012118,-0.012118,,,0.012118,,,,,,
2024-06-16,-0.001123,,-0.001123,-0.001123,,-0.001123,-0.001123,0.001123,,,-0.001123,,,,,,
2024-06-19,0.007796,,0.007796,0.007796,,0.007796,0.007796,-0.007796,,,0.007796,0.007796,,0.007796,,,
2024-06-21,0.015615,,0.015615,0.015615,,0.015615,0.015615,-0.015615,,,0.015615,0.015615,,0.015615,,,
2024-06-23,-0.005958,,-0.005958,-0.007354,,-0.005958,-0.007354,0.005958,,,-0.007354,-0.007354,,-0.005958,,,
2024-06-26,-0.018126,-0.024393,-0.018126,0.003899,0.024393,-0.018126,0.003899,0.018126,-0.024393,-0.024393,0.003899,0.003899,-0.024393,-0.018126,-0.024393,-0.024393,0.024393
2024-06-28,0.002959,0.001205,0.002959,0.003240,-0.001205,0.002959,0.003240,-0.002959,0.001205,0.001205,0.003240,0.003240,0.001205,0.002959,0.001205,0.001205,-0.001205
2024-06-30,0.002529,-0.004503,0.002529,0.006936,0.004503,0.002529,0.006936,-0.002529,-0.004503,-0.004503,0.006936,0.006936,-0.004503,0.002529,-0.004503,-0.004503,0.004503
