date,market,MACD,Signal Line,MACD Histogram,Signal
2021-01-01,1051.1,0.0,0.0,0.0,0
2021-01-02,1051.1,0.0,0.0,0.0,0
2021-01-03,1051.1,0.0,0.0,0.0,0
2021-01-04,1281.61,18.388262108262097,3.67765242165242,14.710609686609677,1
2021-01-05,1368.3,39.50090892119397,10.842303721560729,28.65860519963324,1
2021-01-06,1472.13,63.87473865871948,21.44879070899248,42.425947949727004,1
2021-01-07,1560.18,89.26705838289217,35.01244424377242,54.25461413911975,1
2021-01-08,1484.25,102.08694354134218,48.42734410328637,53.65959943805581,1
2021-01-09,1484.25,110.96762913794737,60.93540111021858,50.03222802772879,1
2021-01-10,1484.25,116.66084287730519,72.0804894636359,44.580353413669286,1
2021-01-11,1294.72,104.67266739814318,78.59892505053736,26.073742347605815,1
2021-01-12,1354.97,98.89363911790929,82.65786786401175,16.23577125389754,1
2021-01-13,1414.71,98.00450141552778,85.72719457431496,12.27730684121282,1
2021-01-14,1528.38,105.2587154502371,89.6334987494994,15.62521670073771,1
2021-01-15,1414.37,100.6478721389667,91.83637342739286,8.811498711573847,1
2021-01-16,1414.37,95.88840376530493,92.64677949497528,3.241624270329652,1
2021-01-17,1414.37,91.06673021026745,92.33076963803371,-1.2640394277662637,-1
2021-01-18,1414.37,86.25126824879612,91.1148693601862,-4.863601111390082,-1
2021-01-19,1599.43,96.258171062472,92.14352970064337,4.114641361828632,1
2021-01-20,1515.03,96.26861433743193,92.96854662800109,3.3000677094308344,1
2021-01-21,1386.97,84.96410562878327,91.36765842815754,-6.403552799374268,-1
2021-01-22,1439.27,79.31112466754826,88.95635167603568,-9.645227008487424,-1
2021-01-23,1439.27,73.97832049942917,85.96074544071439,-11.982424941285217,-1
2021-01-24,1439.27,68.95713979221978,82.56002431101548,-13.602884518795705,-1
2021-01-25,1486.3,67.98901086443789,79.64582162169997,-11.656810757262079,-1
2021-01-26,1454.29,63.90219747811943,76.49709679298385,-12.59489931486442,-1
2021-01-27,1399.31,55.58617904179437,72.31491324274596,-16.728734200951592,-1
2021-01-28,1457.22,53.05692039177575,68.46331467255192,-15.40639428077617,-1
2021-01-29,1497.2,53.65995796920538,65.50264333188261,-11.84268536267723,-1
2021-01-30,1497.2,53.52091381512082,63.106297428530254,-9.585383613409434,-1
2021-01-31,1497.2,52.80205114379942,61.04544817158409,-8.243397027784674,-1
2021-02-01,1476.95,50.021722257222336,58.84070298871174,-8.818980731489404,-1
2021-02-02,1616.69,58.42070421495009,58.75670323395941,-0.3359990190093214,-1
2021-02-03,1703.79,71.2834883218311,61.262060251533754,10.021428070297347,1
2021-02-04,1710.51,81.08488910845495,65.226626022918,15.858263085536947,1
2021-02-05,1750.62,91.03966306824918,70.38923343198424,20.650429636264946,1
2021-02-06,1750.62,97.80149835790849,75.87168641716909,21.9298119407394,1
2021-02-07,1750.62,101.98468556937496,81.09428624761027,20.89039932176469,1
2021-02-08,1889.03,115.14114636959084,87.9036582720064,27.237488097584446,1
2021-02-09,1996.96,132.7465655564315,96.87223972889143,35.874325827540076,1
2021-02-10,1919.18,138.82253140872626,105.2622980648584,33.560233343867864,1
2021-02-11,2018.72,149.94139318578073,114.19811708904287,35.74327609673786,1
2021-02-12,2083.58,162.1180353964553,123.78210075052536,38.33593464592994,1
2021-02-13,2083.58,169.81064071369087,132.98780874315847,36.822831970532405,1
2021-02-14,2083.58,173.9024466948449,141.17073633349577,32.731710361349144,1
2021-02-15,2083.58,175.12648332743152,147.96188573228292,27.164597595148592,1
2021-02-16,2103.31,175.66364612131088,153.5022378100885,22.161408311222374,1
2021-02-17,2235.34,184.61494294134377,159.72477883633957,24.890164105004203,1
2021-02-18,2279.46,193.04373739645416,166.38857054836248,26.65516684809168,1
2021-02-19,2371.62,204.79935997642428,174.07072843397484,30.72863154244945,1
2021-02-20,2371.62,211.67570974732462,181.5917246966448,30.083985050679814,1
2021-02-21,2371.62,214.65090447099533,188.20356065151492,26.44734381948041,1
2021-02-22,2195.99,200.52536296423,190.66792111405795,9.857441850172052,1
2021-02-23,1894.93,163.1569716074855,185.16573121274348,-22.00875960525798,-1
2021-02-24,1949.57,136.3791496429992,175.40841489879463,-39.02926525579542,-1
2021-02-25,1962.92,114.91015352104569,163.30876262324486,-48.398609102199174,-1
2021-02-26,1825.2,85.79398671870513,147.8058074423369,-62.011820723631786,-1
2021-02-27,1825.2,62.00446587107422,130.64553912808438,-68.64107325701016,-1
2021-02-28,1825.2,42.65934878679286,113.04830105982609,-70.38895227303323,-1
2021-03-01,1898.61,32.87283997390227,97.01320884264133,-64.14036886873906,-1
2021-03-02,1864.33,22.096141160681327,82.02979530624934,-59.93365414556801,-1
2021-03-03,1986.79,23.169939627124677,70.25782417042441,-47.08788454329974,-1
2021-03-04,1907.63,17.43243199112294,59.69274573456412,-42.26031374344118,-1
2021-03-05,1934.89,14.913160401764344,50.73682866800417,-35.82366826623983,-1
2021-03-06,1934.89,12.769421573614409,43.14334724912622,-30.373925675511813,-1
2021-03-07,1934.89,10.944333641888761,36.70354452767873,-25.75921088578997,-1
2021-03-08,2103.19,22.81534071940382,33.92590376602375,-11.11056304661993,-1
2021-03-09,2192.45,38.976439247720236,34.93601086236305,4.040428385357188,1
2021-03-10,2192.2,51.17414961323607,38.183638612537656,12.990511000698412,1
2021-03-11,2249.72,64.7360691347858,43.49412471698729,21.241944417798507,1
2021-03-12,2194.68,70.23311640511929,48.84192305461369,21.391193350505603,1
2021-03-13,2194.68,73.73954242711716,53.82144692911438,19.918095498002778,1
2021-03-14,2194.68,75.64640563606554,58.186438670504614,17.459966965560923,1
2021-03-15,2203.97,77.0194021030643,61.95303135701655,15.066370746047745,1
2021-03-16,2195.34,76.52896455324208,64.86821799626166,11.660746556980413,1
2021-03-17,2255.8,80.0956136004952,67.91369711710837,12.181916483386829,1
2021-03-18,2212.2,78.4991635537508,70.03079040443686,8.468373149313948,1
2021-03-19,2274.21,81.30047290682842,72.28472690491517,9.015746001913243,1
2021-03-20,2274.21,82.56872983124185,74.34152749018051,8.227202341061343,1
2021-03-21,2274.21,82.62142423263413,75.99750683867123,6.623917393962898,1
2021-03-22,2160.85,72.67819136497656,75.3336437439323,-2.6554523789557436,-1
2021-03-23,2117.05,60.56565061265246,72.38004511767633,-11.81439450502387,-1
2021-03-24,2066.88,46.38339617008933,67.18071532815894,-20.797319158069612,-1
2021-03-25,2001.08,29.49435469890659,59.643443202308475,-30.149088503401885,-1
2021-03-26,2078.74,22.12118141294968,52.13899084443672,-30.017809431487038,-1
2021-03-27,2078.74,16.09238546055667,44.92966976766071,-28.837284307104042,-1
2021-03-28,2078.74,11.185580820242194,38.18085197817701,-26.995271157934816,-1
2021-03-29,2225.0,18.881211591275132,34.320923900796636,-15.439712309521504,-1
2021-03-30,2267.62,28.0952674763721,33.07579261591173,-4.98052513953963,-1
2021-03-31,2294.8,37.162288269808414,33.89309174669107,3.269196523117344,1
2021-04-01,2364.6,49.410668797203925,36.996607156793644,12.414061640410281,1
2021-04-02,2364.6,58.44389378251708,41.28606448193833,17.157829300578747,1
2021-04-03,2364.6,64.85517952562577,45.999887490675825,18.855292034949947,1
2021-04-04,2364.6,69.13917628133004,50.62774524880667,18.51143103252337,1
2021-04-05,2483.32,81.17821446564176,56.73783909217369,24.440375373468072,1
2021-04-06,2504.24,91.35423339106364,63.66111795195168,27.693115439111963,1
2021-04-07,2364.49,87.13767575837664,68.35642951323668,18.781246245139968,1
2021-04-08,2444.7,89.23960153609005,72.53306391780735,16.706537618282695,1
2021-04-09,2470.97,91.9650465011241,76.41946043447071,15.5455860666534,1
2021-04-10,2470.97,93.05233191246316,79.7460347300692,13.306297182393962,1
2021-04-11,2470.97,92.84376826707376,82.36558143747011,10.478186829603644,1
2021-04-12,2563.06,98.96852588658794,85.68617032729368,13.28235555929426,1
2021-04-13,2747.48,117.35084566385376,92.0191053946057,25.33174026924806,1
2021-04-14,2752.58,130.82245408577,99.77977513283857,31.04267895293144,1
2021-04-15,2903.2,151.9015495264648,110.20413001156382,41.697419514900986,1
2021-04-16,2934.01,169.14321633012605,121.99194727527627,47.15126905484978,1
2021-04-17,2934.01,180.72408671669655,133.73837516356033,46.98571155313621,1
2021-04-18,2934.01,187.73788446438948,144.53827702372615,43.19960744066333,1
2021-04-19,2621.96,166.200684586207,148.87075853622233,17.329926049984664,1
2021-04-20,2723.35,155.52087631029508,150.2007820910369,5.320094219258181,1
2021-04-21,2749.78,147.48956354358052,149.65853838154564,-2.1689748379651235,-1
2021-04-22,2728.76,137.83962261759552,147.29475522875563,-9.45513261116011,-1
2021-04-23,2569.75,116.02374727538381,141.0405536380813,-25.01680636269748,-1
2021-04-24,2569.75,97.6093293032759,132.3543087711202,-34.7449794678443,-1
2021-04-25,2569.75,82.06972172623136,122.29739136214245,-40.227669635911084,-1
2021-04-26,2693.65,78.84330870460099,113.60657483063416,-34.76326612603317,-1
2021-04-27,2806.84,84.44639469956792,107.77453880442091,-23.328144104852996,-1
2021-04-28,2892.96,94.74389632297925,105.1684103081326,-10.42451398515334,-1
2021-04-29,2790.49,93.55779193878061,102.84628663426221,-9.288494695481603,-1
2021-04-30,2952.77,104.50773531937966,103.17857637128571,1.3291589480939479,1
2021-05-01,2952.77,111.8957794458388,104.92201698619634,6.973762459642458,1
2021-05-02,2952.77,116.40896752843946,107.21940709464496,9.189560433794497,1
2021-05-03,3220.26,139.95657679511078,113.76684103473814,26.189735760372642,1
2021-05-04,3219.96,156.78668004626206,122.37080883704292,34.41587120921915,1
2021-05-05,3431.91,185.09360789207858,134.91536864805005,50.17823924402853,1
2021-05-06,3448.62,206.49506295199672,149.2313075088394,57.26375544315732,1
2021-05-07,3504.71,225.38378058638273,164.46180212434808,60.921978462034645,1
2021-05-08,3504.71,237.61415730179715,179.0922731598379,58.52188414195925,1
2021-05-09,3504.71,244.4885076366454,192.1715200551994,52.316987581446,1
2021-05-10,3543.41,250.17538031908634,203.7722921079768,46.40308821110955,1
2021-05-11,3765.28,269.478937203402,216.91362112706184,52.56531607634014,1
2021-05-12,3710.65,277.17387279990726,228.96567146163096,48.2082013382763,1
2021-05-13,3266.33,244.59966139773996,232.09246944885277,12.507191948887197,1
2021-05-14,3539.7,238.09838851686527,233.29365326245528,4.804735254409991,1
2021-05-15,3539.7,230.2914267040219,232.69320795076862,-2.4017812467467365,-1
2021-05-16,3539.7,221.55045745801635,230.46465785221818,-8.914200394201828,-1
2021-05-17,3006.45,169.6388666532198,218.29949961241851,-48.66063295919872,-1
2021-05-18,2997.86,126.34894375312933,199.9093884405607,-73.56044468743136,-1
2021-05-19,2422.41,45.08762018464677,168.94503478937793,-123.85741460473116,-1
2021-05-20,2508.65,-12.212933838348818,132.7134410638326,-144.9263749021814,-1
2021-05-21,2134.73,-86.79572763028727,88.81160732500862,-175.6073349552959,-1
2021-05-22,2134.73,-144.24041532903902,42.2012027941991,-186.44161812323813,-1
2021-05-23,2134.73,-187.6031716134853,-3.7596720873377834,-183.84349952614753,-1
2021-05-24,2358.53,-201.58592173248462,-43.324922016367154,-158.26099971611745,-1
2021-05-25,2252.52,-218.7004305524133,-78.4000237235764,-140.3004068288369,-1
2021-05-26,2402.31,-217.6678613309623,-106.25359124505358,-111.41427008590871,-1
2021-05-27,2433.1,-211.92214058673744,-127.38730111339035,-84.53483947334709,-1
2021-05-28,2238.99,-220.48999880038764,-146.00784065078983,-74.48215814959781,-1
2021-05-29,2238.99,-224.69000168800085,-161.74427285823202,-62.945728829768825,-1
2021-05-30,2238.99,-225.4200324211679,-174.4794247708192,-50.94060765034868,-1
2021-05-31,2238.99,-223.42310456343648,-184.26816072934267,-39.154943834093814,-1
2021-06-01,2242.99,-218.99333938073005,-191.21319645962018,-27.78014292110987,-1
2021-06-02,2377.83,-202.270607805895,-193.42467872887514,-8.84592907701986,-1
2021-06-03,2417.29,-183.71586816400577,-191.48291661590127,7.767048451895505,1
2021-06-04,2311.24,-175.544879918491,-188.29530927641923,12.750429357928226,1
2021-06-05,2311.24,-167.14259704900223,-184.06476683093584,16.922169781933604,1
2021-06-06,2311.24,-158.65485295411509,-178.9827840555717,20.327931101456613,1
2021-06-07,2269.93,-153.4922631025188,-173.88467986496113,20.392416762442338,1
2021-06-08,2084.03,-162.5279290238891,-171.61332969674675,9.085400672857645,1
2021-06-09,2212.5,-157.50666524121425,-168.79199680564025,11.285331564426002,1
2021-06-10,2156.11,-156.27602649135542,-166.28880274278328,10.012776251427852,1
2021-06-11,2160.74,-153.16158272447092,-163.6633587391208,10.501776014649892,1
2021-06-12,2160.74,-148.97606031196028,-160.72589905368872,11.74983874172844,1
2021-06-13,2160.74,-143.99907197951507,-157.380533638854,13.381461659338925,1
2021-06-14,2297.57,-127.54349340589533,-151.41312559226225,23.869632186366914,1
2021-06-15,2285.6,-114.15233078091296,-143.9609666299924,29.80863584907945,1
2021-06-16,2205.31,-108.76469817409316,-136.92171293881256,28.157014764719406,1
2021-06-17,2143.41,-108.24202649440076,-131.1857756499302,22.943749155529446,1
2021-06-18,2012.82,-117.01643442063141,-128.35190740407046,11.335472983439047,1
2021-06-19,2012.82,-122.5574499249933,-127.19301590825503,4.635565983261728,1
2021-06-20,2012.82,-125.50203529251348,-126.85481978510673,1.3527844925932442,1
2021-06-21,1812.7,-142.34281259991485,-129.95241834806836,-12.390394251846487,-1
2021-06-22,1760.36,-158.0902841359141,-135.5799915056375,-22.51029263027658,-1
2021-06-23,1790.03,-166.2596104488946,-141.71591529428895,-24.543695154605643,-1
2021-06-24,1892.48,-162.59273379440492,-145.89127899431213,-16.70145480009279,-1
2021-06-25,1746.0,-169.55193033240403,-150.6234092619305,-18.928521070473522,-1
2021-06-26,1746.0,-173.07207656209084,-155.1131427219626,-17.958933840128253,-1
2021-06-27,1746.0,-173.85769453051125,-158.86205308367232,-14.995641446838931,-1
2021-06-28,1918.14,-158.7599571037124,-158.84163388768033,0.08167678396793576,1
2021-06-29,2032.63,-135.98890975104996,-154.27108906035426,18.282179309304297,1
2021-06-30,2003.21,-118.94550900749937,-147.2059730497833,28.260464042283928,1
2021-07-01,1890.86,-113.1993060430932,-140.40463964844528,27.20533360535208,1
2021-07-02,1875.79,-108.60943983402171,-134.04559968556057,25.43615985153886,1
2021-07-03,1875.79,-103.77567639575727,-127.99161502759992,24.215938631842647,1
2021-07-04,1875.79,-98.80591100799188,-122.15447422367832,23.34856321568644,1
2021-07-05,1875.79,-93.78622688928112,-116.48082475679888,22.694597867517757,1
2021-07-06,1991.25,-79.57415270066986,-109.09949034557309,29.52533764490323,1
2021-07-07,2025.23,-64.8218535192716,-100.2439629803128,35.4221094610412,1
2021-07-08,1894.61,-62.94490283846949,-92.78415095194414,29.839248113474653,1
2021-07-09,1904.76,-59.94734999352795,-86.2167907602609,26.269440766732956,1
2021-07-10,1904.76,-56.91567924614037,-80.3565684574368,23.440889211296422,1
2021-07-11,1904.76,-53.89182690278949,-75.06362014650733,21.171793243717843,1
2021-07-12,1834.84,-56.48622376309527,-71.34814086982492,14.86191710672965,1
2021-07-13,1782.58,-62.044042115037655,-69.48732111886747,7.443279003829815,1
2021-07-14,1817.2,-62.929694190034525,-68.17579573310088,5.246101543066359,1
2021-07-15,1752.7,-68.05173277654171,-68.15098314178906,0.0992503652473431,1
2021-07-16,1755.67,-71.05228457193584,-68.73124342781841,-2.32104114411743,-1
2021-07-17,1755.67,-72.59343159599757,-69.50368106145424,-3.0897505345433274,-1
2021-07-18,1755.67,-72.97360739438204,-70.19766632803982,-2.7759410663422273,-1
2021-07-19,1669.84,-79.28669547124309,-72.01547215668047,-7.271223314562619,-1
2021-07-20,1628.94,-86.59197307594923,-74.93077234053422,-11.661200735415008,-1
2021-07-21,1738.69,-82.57369230384188,-76.45935633319576,-6.114335970646124,-1
2021-07-22,1797.45,-73.79704848177653,-75.92689476291191,2.1298462811353858,1
2021-07-23,1792.93,-66.44033838207542,-74.02958348674461,7.589245104669189,1
2021-07-24,1792.93,-59.9193793195509,-71.20754265330588,11.28816333375498,1
2021-07-25,1792.93,-54.12752387945852,-67.79153889853642,13.664015019077894,1
2021-07-26,2087.45,-25.478434587312677,-59.328918036291675,33.850483448979,1
2021-07-27,2036.2,-6.830533465690451,-48.82924112217144,41.99870765648099,1
2021-07-28,2120.59,14.589452124932905,-36.14550247275057,50.734954597683476,1
2021-07-29,2122.07,31.32329323297222,-22.651743331606013,53.97503656457823,1
2021-07-30,2156.36,46.81227651439349,-8.758939362406112,55.5712158767996,1
2021-07-31,2156.36,58.41404658941701,4.6756578279585135,53.738388761458495,1
2021-08-01,2156.36,66.83806534803193,17.1081393319732,49.729926016058734,1
2021-08-02,2218.49,77.6326320067983,29.213037866938222,48.41959413986008,1
2021-08-03,2141.68,79.07791777071134,39.18601384769285,39.89190392301849,1
2021-08-04,2279.15,90.27535912111921,49.40388290237812,40.87147621874109,1
2021-08-05,2342.14,103.04434753957457,60.13197582981742,42.91237170975715,1
2021-08-06,2441.94,119.83549974731477,72.07268061331689,47.76281913399788,1
2021-08-07,2441.94,131.6253141579682,83.98320732224715,47.64210683572105,1
2021-08-08,2441.94,139.36234466024098,95.05903478984592,44.303309870395054,1
2021-08-09,2639.37,159.58534753626373,107.96429733912949,51.62105019713424,1
2021-08-10,2612.7,171.4834227521078,120.66812242172516,50.81530033038264,1
2021-08-11,2707.5,186.41344267617842,133.81718647261582,52.596256203562604,1
2021-08-12,2568.84,184.92518543519463,144.0387862651316,40.886399170063044,1
2021-08-13,2729.75,194.48788776279798,154.1286065646649,40.35928119813309,1
2021-08-14,2729.75,199.76364727573127,163.2556147068782,36.50803256885308,1
2021-08-15,2729.75,201.62056829269386,170.92860542404134,30.691962868652524,1
2021-08-16,2688.03,197.44965947928586,176.23281623509027,21.216843244195587,1
2021-08-17,2636.01,187.7819712695864,178.5426472419895,9.239324027596894,1
2021-08-18,2582.71,173.81575433868738,177.5972686613291,-3.7815143226417263,-1
2021-08-19,2683.1,168.90107435762775,175.85802980058884,-6.956955442961089,-1
2021-08-20,2783.63,171.14523022024332,174.91546988451972,-3.770239664276403,-1
2021-08-21,2783.63,170.9530989989853,174.12299570741283,-3.1698967084275296,-1
2021-08-22,2783.63,168.85438537550363,173.06927364103097,-4.21488826552735,-1
2021-08-23,2811.25,167.48913241835407,171.95324539649562,-4.464112978141543,-1
2021-08-24,2730.29,158.05243414801362,169.17308314679923,-11.120648998785612,-1
2021-08-25,2757.72,151.04599038466404,165.5476645943722,-14.50167420970817,-1
2021-08-26,2650.73,135.30047472523438,159.49822662054464,-24.19775189531026,-1
2021-08-27,2739.41,128.49654679006608,153.29789065444893,-24.801343864382858,-1
2021-08-28,2739.41,121.70148590877943,146.97860970531502,-25.27712379653559,-1
2021-08-29,2739.41,114.99080874071933,140.58104951239588,-25.590240771676548,-1
2021-08-30,2793.52,112.73918635844211,135.01267688160513,-22.27349052316302,-1
2021-08-31,2778.35,108.48017524573561,129.70617655443124,-21.22600130869563,-1
2021-09-01,2923.92,115.51952351645559,126.86884594683612,-11.349322430380525,-1
2021-09-02,2989.81,124.97440294774424,126.48995734701774,-1.5155543992734977,-1
2021-09-03,3127.63,141.9520503318281,129.58237594397983,12.369674387848278,1
2021-09-04,3127.63,153.63593873438003,134.39308850205987,19.242850232320166,1
2021-09-05,3127.63,161.0391454459591,139.72229989083974,21.316845555119357,1
2021-09-06,3127.63,165.004174687841,144.77867485024,20.225499837600978,1
2021-09-07,2783.62,138.78789646210316,143.58051917261264,-4.792622710509477,-1
2021-09-08,2794.03,117.4968762400913,138.36379058610837,-20.86691434601707,-1
2021-09-09,2803.67,100.24588459902634,130.74020938869197,-30.494324789665626,-1
2021-09-10,2715.81,78.57897223523969,120.30796195800151,-41.728989722761824,-1
2021-09-11,2715.81,60.707984232441504,108.38796641288951,-47.67998218044801,-1
2021-09-12,2715.81,46.01466902532093,95.9133069353758,-49.89863791005487,-1
2021-09-13,2676.44,30.8378019083425,82.89820592996914,-52.06040402162664,-1
2021-09-14,2753.17,24.716577792096814,71.26188030239467,-46.54530251029786,-1
2021-09-15,2873.94,29.27315060367482,62.86413436265071,-33.59098375897589,-1
2021-09-16,2857.08,31.164560634356803,56.524219616991935,-25.359658982635132,-1
2021-09-17,2797.39,27.52968746028273,50.725313185650094,-23.195625725367364,-1
2021-09-18,2797.39,24.36812372036411,45.4538752925929,-21.085751572228787,-1
2021-09-19,2797.39,21.61341567660611,40.68578336939554,-19.072367692789427,-1
2021-09-20,2524.59,-2.5529614594051964,32.03803440363539,-34.59099586304059,-1
2021-09-21,2401.34,-31.28954797383676,19.372517928140965,-50.662065901977726,-1
2021-09-22,2489.09,-46.44739156236483,6.208536030039808,-52.65592759240464,-1
2021-09-23,2577.02,-50.77952096577155,-5.189075369122465,-45.59044559664909,-1
2021-09-24,2407.2,-67.14185003150851,-17.579630301599675,-49.56221972990883,-1
2021-09-25,2407.2,-79.19618932766707,-29.902942106813157,-49.293247220853914,-1
2021-09-26,2407.2,-87.73795157590939,-41.46994400063241,-46.26800757527698,-1
2021-09-27,2424.66,-92.03753223677177,-51.58346164786029,-40.45407058891148,-1
2021-09-28,2349.89,-100.3218472019862,-61.331138758685476,-38.990708443300726,-1
2021-09-29,2316.18,-108.35825525505197,-70.73656205795878,-37.621693197093194,-1
2021-09-30,2464.25,-101.6078825871682,-76.91082616380066,-24.697056423367542,-1
2021-10-01,2703.17,-76.10205918541078,-76.74907276812269,0.6470135827119066,1
2021-10-02,2703.17,-55.251604278787,-72.44957907025555,17.197974791468553,1
2021-10-03,2703.17,-38.28612987298493,-65.61688923080143,27.330759357816504,1
2021-10-04,2780.73,-18.370659841396446,-56.16764335292044,37.796983511524,1
2021-10-05,2879.63,5.331439583253996,-43.86782676568556,49.19926634893955,1
2021-10-06,3019.41,34.99124466429703,-28.096012479689044,63.08725714398607,1
2021-10-07,2995.52,55.92446807919623,-11.291916367911991,67.21638444710823,1
2021-10-08,3006.81,72.58845259993859,5.484157425658125,67.10429517428047,1
2021-10-09,3006.81,84.81706209510776,21.350738359548053,63.466323735559705,1
2021-10-10,3006.81,93.43130529394284,35.766851746427015,57.664453547515826,1
2021-10-11,3014.27,99.7107117284263,48.555623742826874,51.15508798559943,1
2021-10-12,2935.37,97.2001531032679,58.28452961491508,38.915623488352814,1
2021-10-13,3026.4,101.38714958665287,66.90505360926264,34.48209597739023,1
2021-10-14,3128.39,111.64810524073982,75.85366393555807,35.79444130518175,1
2021-10-15,3261.51,129.03423169062853,86.48977748657217,42.544454204056365,1
2021-10-16,3261.51,141.18536515774213,97.42889502080615,43.756470136935974,1
2021-10-17,3261.51,149.0965339407203,107.76242280478898,41.33411113593131,1
2021-10-18,3206.62,149.21694784258943,116.05332781234908,33.16362003024035,1
2021-10-19,3293.5,154.54140947120322,123.75094414411991,30.79046532708331,1
2021-10-20,3487.64,172.43879212073034,133.488513739442,38.95027838128834,1
2021-10-21,3374.55,175.47441907268785,141.88569480609118,33.58872426659667,1
2021-10-22,3298.39,169.77760920231094,147.46407768533513,22.313531516975814,1
2021-10-23,3298.39,163.3795090565477,150.64716395957765,12.73234509697005,1
2021-10-24,3298.39,156.50487778500565,151.81870672466326,4.686171060342389,1
2021-10-25,3409.62,158.2082877257062,153.09662292487184,5.111664800834376,1
2021-10-26,3399.9,156.96454009832678,153.87020635956281,3.0943337387639644,1
2021-10-27,3221.82,139.99551229797817,151.0952675472459,-11.09975524926773,-1
2021-10-28,3396.3,139.02393197237097,148.68100043227093,-9.65706845989996,-1
2021-10-29,3453.55,141.24535556943238,147.19387145970325,-5.948515890270869,-1
2021-10-30,3453.55,141.3761534808691,146.0303278639364,-4.6541743830673,-1
2021-10-31,3453.55,139.86750622081672,144.79776353531247,-4.930257314495748,-1
2021-11-01,3412.33,133.80338080372894,142.5988869889958,-8.795506185266845,-1
2021-11-02,3534.84,137.30033803189417,141.53917719757547,-4.2388391656812985,-1
2021-11-03,3572.95,141.515557079239,141.5344531739082,-0.018896094669202057,-1
2021-11-04,3464.59,134.56126365958926,140.1398152710444,-5.57855161145514,-1
2021-11-05,3457.85,127.041617662318,137.52017574929914,-10.478558086981138,-1
2021-11-06,3457.85,119.7023894004983,133.95661847953897,-14.25422907904067,-1
2021-11-07,3457.85,112.58815199422315,129.6829251824758,-17.094773188252645,-1
2021-11-08,3727.58,127.24818648225073,129.19597744243077,-1.9477909601800434,-1
2021-11-09,3870.42,148.67849057990998,133.0924800699266,15.586010509983367,1
2021-11-10,3785.0,156.96014204582616,137.8660124651065,19.094129580719652,1
2021-11-11,3770.77,160.52473915392875,142.39775780287096,18.126981351057793,1
2021-11-12,3715.11,157.0480589491208,145.32781803212094,11.720240916999842,1
2021-11-13,3715.11,152.5344427322584,146.76914297214844,5.7652997601099685,1
2021-11-14,3715.11,147.2598494827821,146.86728427427516,0.3925652085069373,1
2021-11-15,3681.61,138.77679380888685,145.2491861811975,-6.472392372310651,-1
2021-11-16,3415.86,109.34959299533466,138.06926754402494,-28.71967454869028,-1
2021-11-17,3405.31,84.2063491329186,127.29668386180369,-43.09033472888508,-1
2021-11-18,3255.05,51.561057227801484,112.14955853500325,-60.58850130720177,-1
2021-11-19,3327.07,31.141856365070907,95.94801810101679,-64.80616173594588,-1
2021-11-20,3327.07,14.789014021164348,79.7162172850463,-64.92720326388195,-1
2021-11-21,3327.07,1.8084222813949964,64.13465828431603,-62.326236002921036,-1
2021-11-22,3192.72,-19.099544720205813,47.48781768341167,-66.58736240361748,-1
2021-11-23,3355.16,-22.304595280204467,33.52933509068844,-55.83393037089291,-1
2021-11-24,3319.29,-27.42291585820749,21.338884900909257,-48.761800759116745,-1
2021-11-25,3319.29,-31.12048422150656,10.847011076426096,-41.96749529793266,-1
2021-11-26,3171.64,-45.441137677406914,-0.4106186743405065,-45.03051900306641,-1
2021-11-27,3171.64,-56.1431751408345,-11.557129967639305,-44.586045173195195,-1
2021-11-28,3171.64,-63.88815406356707,-22.02333478682486,-41.86481927674221,-1
2021-11-29,3366.04,-53.72039505358771,-28.362746840177433,-25.357648213410275,-1
2021-11-30,3439.03,-39.319439760257865,-30.55408542419352,-8.765354336064345,-1
2021-12-01,3380.37,-32.26798544485473,-30.89686542832576,-1.3711200165289696,-1
2021-12-02,3373.08,-26.957153882133298,-30.10892311908727,3.151769236953971,1
2021-12-03,3163.98,-39.16938381011869,-31.921015257293554,-7.248368552825134,-1
2021-12-04,3163.98,-48.290995476658736,-35.195011301166595,-13.095984175492141,-1
2021-12-05,3163.98,-54.887232588886036,-39.13345555871049,-15.753777030175549,-1
2021-12-06,2948.6,-76.61103964161248,-46.628972375290886,-29.982067266321593,-1
2021-12-07,3026.9,-86.51190226535437,-54.605558353303586,-31.90634391205078,-1
2021-12-08,3087.48,-88.45050514987724,-61.37454771261832,-27.07595743725892,-1
2021-12-09,2888.53,-104.83202586966127,-70.06604334402692,-34.76598252563434,-1
2021-12-10,2876.8,-117.40761018436797,-79.53435671209513,-37.873253472272836,-1
2021-12-11,2876.8,-125.9222974943591,-88.81194486854793,-37.110352625811174,-1
2021-12-12,2876.8,-131.15833686834776,-97.2812232685079,-33.87711359983986,-1
2021-12-13,2711.22,-146.97462598622133,-107.21990381205059,-39.75472217417074,-1
2021-12-14,2795.86,-150.93947214995433,-115.96381747963135,-34.97565467032298,-1
2021-12-15,2901.59,-143.89142316541574,-121.54933861678823,-22.34208454862751,-1
2021-12-16,2859.5,-140.08726600470345,-125.25692409437129,-14.830341910332166,-1
2021-12-17,2741.52,-144.92187488443415,-129.18991425238386,-15.731960632050288,-1
2021-12-18,2741.52,-147.05814252656592,-132.76355990722027,-14.294582619345647,-1
2021-12-19,2741.52,-147.05598022309005,-135.62204397039423,-11.433936252695815,-1
2021-12-20,2812.96,-139.6795171052886,-136.43353859737311,-3.2459785079154813,-1
2021-12-21,2868.67,-127.864344951965,-134.71969986829149,6.85535491632649,1
2021-12-22,2881.75,-116.10688135660394,-130.99713616595398,14.89025480935004,1
2021-12-23,2978.63,-97.84371892312538,-124.36645271738826,26.522733794262876,1
2021-12-24,2978.63,-82.41994529093427,-115.97715123209746,33.55720594116319,1
2021-12-25,2978.63,-69.39653352450614,-106.66102769057919,37.26449416607305,1
2021-12-26,2978.63,-58.40216210038761,-97.00925457254088,38.60709247215327,1
2021-12-27,2983.51,-48.73349888091661,-87.35410343421603,38.620604553299415,1
2021-12-28,2778.04,-56.99373711203316,-81.28203016977946,24.2882930577463,1
2021-12-29,2733.27,-66.3873284656197,-78.30308982894752,11.915761363327817,1
2021-12-30,2725.34,-73.6230216518702,-77.36707619353206,3.7440545416618534,1
2021-12-31,2663.4,-83.39408586728678,-78.57247812828301,-4.821607739003767,-1
2022-01-01,2663.4,-90.0991181059494,-80.8778061238163,-9.221311982133102,-1
2022-01-02,2663.4,-94.32557791566023,-83.5673604821851,-10.758217433475139,-1
2022-01-03,2693.63,-94.15046149402951,-85.68398068455399,-8.466480809475527,-1
2022-01-04,2734.52,-89.67844194438703,-86.48287293652061,-3.1955690078664247,-1
2022-01-05,2601.66,-95.75126489615559,-88.3365513284476,-7.414713567707992,-1
2022-01-06,2508.71,-106.83280692507833,-92.03580244777375,-14.797004477304583,-1
2022-01-07,2408.68,-122.27706000272292,-98.08405395876359,-24.19300604395933,-1
2022-01-08,2407.68,-133.06355959343955,-105.07995508569878,-27.983604507740765,-1
2022-01-09,2406.68,-140.07789904948868,-112.07954387845678,-27.998355171031903,-1
2022-01-10,2336.85,-149.54761914696837,-119.5731589321591,-29.97446021480927,-1
2022-01-11,2418.56,-148.74449250941598,-125.4074256476105,-23.337066861805482,-1
2022-01-12,2514.27,-138.78518255111203,-128.0829770283108,-10.702205522801222,-1
2022-01-13,2441.41,-135.212900588896,-129.50896174042785,-5.703938848468141,-1
2022-01-14,2485.44,-127.36085175138851,-129.07933974262,1.718487991231484,1
2022-01-15,2486.44,-119.67778383879613,-127.19902856185523,7.521244723059098,1
2022-01-16,2487.44,-112.21466471823169,-124.20215579313053,11.987491074898841,1
2022-01-17,2488.44,-105.00891994037329,-120.36350862257909,15.3545886822058,1
2022-01-18,2387.84,-106.19178178176253,-117.52916325441579,11.337381472653263,1
2022-01-19,2371.73,-107.19349083946872,-115.46202877142639,8.268537931957667,1
2022-01-20,2419.07,-102.98031712867487,-112.96568644287609,9.985369314201222,1
2022-01-21,2135.29,-121.14355348484878,-114.60125985127064,-6.54229363357814,-1
2022-01-22,2136.29,-133.91368392361937,-118.46374466574039,-15.449939257878981,-1
2022-01-23,2137.29,-142.31291792637558,-123.23357931786744,-19.079338608508138,-1
2022-01-24,1965.59,-160.96858082965855,-130.78057962022567,-30.188001209432883,-1
2022-01-25,1946.39,-175.28206508915764,-139.68087671401207,-35.60118837514557,-1
2022-01-26,1988.36,-181.1507827843302,-147.9748579280757,-33.17592485625451,-1
2022-01-27,1880.99,-192.24951279867537,-156.82978890219565,-35.419723896479724,-1
2022-01-28,2004.53,-188.89917861847653,-163.24366684545183,-25.6555117730247,-1
2022-01-29,2005.53,-184.041803649734,-167.40329420630826,-16.638509443425733,-1
2022-01-30,2006.53,-178.0590534189564,-169.53444604883788,-8.524607370118531,-1
2022-01-31,2065.66,-166.62562741570946,-168.9526823222122,2.3270549065027524,1
2022-02-01,2122.83,-151.2083776705358,-165.40382139187696,14.19544372134115,1
2022-02-02,2062.1,-142.25072185684712,-160.77320148487098,18.52247962802386,1
2022-02-03,1974.44,-140.60434511556014,-156.73943021100882,16.135085095448687,1
2022-02-04,2216.28,-118.42004031693841,-149.07555223219475,30.65551191525634,1
2022-02-05,2217.28,-99.60988652523292,-139.1824190908024,39.572532565569475,1
2022-02-06,2218.28,-83.65765906420756,-128.07746708548345,44.419808021275884,1
2022-02-07,2399.32,-55.76417419800009,-113.61480850798678,57.85063430998669,1
2022-02-08,2373.81,-35.3098008789143,-97.95380698217228,62.64400610325798,1
2022-02-09,2447.68,-12.989140291266722,-80.96087364399118,67.97173335272446,1
2022-02-10,2359.4,-2.395698061157873,-65.24783852742452,62.85214046626665,1
2022-02-11,2223.37,-4.920087219208199,-53.18228826578125,48.262201046573054,1
2022-02-12,2224.37,-6.762043542817537,-43.89823932118851,37.136195778370976,1
2022-02-13,2225.37,-8.048339311539166,-36.72825931925864,28.679920007719474,1
2022-02-14,2189.74,-11.806681132485664,-31.743943681904046,19.93726254941838,1
2022-02-15,2331.16,-3.335334341119051,-26.062221813747048,22.726887472627997,1
2022-02-16,2351.32,4.9479753597074705,-19.860182379056145,24.808157738763615,1
2022-02-17,2168.94,-3.1674711750829374,-16.521640138261503,13.354168963178566,1
2022-02-18,2102.68,-14.775328475274364,-16.172377805664077,1.397049330389713,1
2022-02-19,2103.68,-23.621651676560305,-17.662232579843323,-5.959419096716982,-1
2022-02-20,2104.68,-30.20356698609703,-20.170499461094067,-10.033067525002963,-1
2022-02-21,2105.68,-34.936365966661924,-23.12367276220764,-11.812693204454284,-1
2022-02-22,1955.53,-50.224041909079915,-28.543746591582096,-21.68029531749782,-1
2022-02-23,1971.42,-60.36163369406131,-34.90732401207794,-25.454309681983368,-1
2022-02-24,1980.98,-66.85368841227728,-41.29659689211781,-25.557091520159467,-1
2022-02-25,2026.52,-67.54537016116637,-46.54635154592752,-20.999018615238853,-1
2022-02-26,2027.52,-67.23776617341719,-50.68463447142546,-16.553131701991724,-1
2022-02-27,2028.52,-66.1507514687878,-53.77785787089793,-12.37289359788987,-1
2022-02-28,2148.11,-55.005304033893026,-54.02334710349695,-0.9819569303960733,-1
2022-03-01,2245.44,-37.88205827682259,-50.79508933816208,12.913031061339488,1
2022-03-02,2227.35,-25.477782446903348,-45.731627959910334,20.253845513006986,1
2022-03-03,2129.04,-23.311380785890833,-41.24757852510644,17.936197739215608,1
2022-03-04,2003.13,-31.392503350215975,-39.276563490128346,7.884060139912371,1
2022-03-05,2004.13,-37.28634577696357,-38.87851994749539,1.5921741705318198,1
2022-03-06,2005.13,-41.39934088878044,-39.3826841357524,-2.0166567530280446,-1
2022-03-07,1887.03,-53.571068216970616,-42.22036095199604,-11.350707264974574,-1
2022-03-08,1938.96,-58.35426121521641,-45.44714100464012,-12.907120210576288,-1
2022-03-09,2062.84,-51.55460602905305,-46.668634009522705,-4.885972019530342,-1
2022-03-10,1981.9,-52.09647611363698,-47.754202430345565,-4.342273683291417,-1
2022-03-11,1926.8,-56.322767762656895,-49.467915496807834,-6.854852265849061,-1
2022-03-12,1927.8,-58.91233794051959,-51.35679998555019,-7.555537954969402,-1
2022-03-13,1928.8,-60.19006571017826,-53.12345313047581,-7.066612579702451,-1
2022-03-14,1920.64,-61.156147971760674,-54.72999209873279,-6.426155873027888,-1
2022-03-15,1996.14,-55.19332184654172,-54.82265804829458,-0.37066379824714346,-1
2022-03-16,2054.04,-45.27380483280558,-52.912887405196784,7.639082572391203,1
2022-03-17,2095.18,-33.70433931112848,-49.07117778638313,15.366838475254653,1
2022-03-18,2164.32,-18.74040661681056,-43.00502355246862,24.26461693565806,1
2022-03-19,2165.32,-6.723189758107765,-35.748656793596446,29.02546703548868,1
2022-03-20,2166.32,2.848398262336559,-28.02924578240985,30.877644044746408,1
2022-03-21,2140.97,8.292823084480915,-20.764832009031696,29.05765509351261,1
2022-03-22,2209.27,17.912326029642827,-13.029400401296792,30.941726430939617,1
2022-03-23,2215.52,25.74342006326333,-5.274836308384769,31.0182563716481,1
2022-03-24,2331.8,40.86141772421115,3.9524144981344147,36.909003226076734,1
2022-03-25,2312.95,50.73664190046111,13.309259978599755,37.427381921861354,1
2022-03-26,2313.95,57.97521762942688,22.242451508765182,35.732766120661694,1
2022-03-27,2314.95,63.065552258908156,30.407071658793775,32.65848060011438,1
2022-03-28,2532.72,83.70697623062233,41.067052573159486,42.639923657462845,1
2022-03-29,2524.53,98.27177306053409,52.50799667063441,45.763776389899675,1
2022-03-30,2513.91,107.7158529351309,63.549567923533715,44.16628501159718,1
2022-03-31,2447.29,108.57311377209226,72.55427709324543,36.018836678846824,1
2022-04-01,2540.84,115.47013449880478,81.13744857435731,34.332685924447475,1
2022-04-02,2541.84,119.63765632743934,88.83749012497373,30.80016620246562,1
2022-04-03,2542.84,121.61918874215371,95.39382984840974,26.225358893743973,1
2022-04-04,2526.28,120.46467210135006,100.40799829899781,20.05667380235225,1
2022-04-05,2518.2,117.54276109101829,103.83495085740192,13.707810233616371,1
2022-04-06,2350.43,100.53063410467848,103.17408750685725,-2.643453402178764,-1
2022-04-07,2340.23,85.24272111988603,99.587814229463,-14.345093109576979,-1
2022-04-08,2314.62,70.25062153214367,93.72037568999914,-23.469754157855476,-1
2022-04-09,2315.62,57.783869757904995,86.53307450358031,-28.749204745675314,-1
2022-04-10,2316.62,47.4377380856904,78.71400722000233,-31.27626913431193,-1
2022-04-11,2132.56,24.10834446118406,67.79287466823868,-43.68453020705462,-1
2022-04-12,2110.44,3.791032140432435,54.99250616267744,-51.201474022245,-1
2022-04-13,2198.74,-5.126418049791482,42.96872132018366,-48.09513936997514,-1
2022-04-14,2127.08,-17.771070842134577,30.820762887720015,-48.59183372985459,-1
2022-04-15,2128.08,-27.395558689786412,19.17749857221873,-46.57305726200514,-1
2022-04-16,2129.08,-34.54413966797756,8.433170924179473,-42.97731059215703,-1
2022-04-17,2130.08,-39.67144226151231,-1.1877517129588835,-38.483690548553426,-1
2022-04-18,2149.21,-41.710423583950615,-9.292286087157231,-32.418137496793385,-1
2022-04-19,2214.93,-37.589962527924854,-14.951821375310757,-22.638141152614097,-1
2022-04-20,2193.18,-35.66834816747223,-19.095126733743054,-16.573221433729177,-1
2022-04-21,2178.84,-34.90026457261638,-22.25615430151772,-12.644110271098658,-1
2022-04-22,2109.98,-39.39387127667396,-25.683697696548972,-13.71017358012499,-1
2022-04-23,2110.98,-42.38579822399333,-29.024117802037843,-13.36168042195549,-1
2022-04-24,2111.98,-44.167099413784854,-32.05271412438725,-12.114385289397603,-1
2022-04-25,2123.17,-44.166727418165465,-34.47551678314289,-9.691210635022571,-1
2022-04-26,2011.38,-52.580832237344566,-38.09657987398323,-14.484252363361335,-1
2022-04-27,2026.93,-57.333411998954034,-41.943946298977394,-15.38946569997664,-1
2022-04-28,2077.03,-56.40698973811868,-44.83655498680565,-11.57043475131303,-1
2022-04-29,1968.67,-63.682448197713256,-48.605733628987174,-15.076714568726082,-1
2022-04-30,1969.67,-68.57709572933072,-52.600006049055885,-15.977089680274837,-1
2022-05-01,1970.67,-71.55065609479425,-56.39013605820356,-15.16052003659069,-1
2022-05-02,1958.31,-74.05095944557252,-59.922300735677354,-14.128658709895163,-1
2022-05-03,1916.41,-78.50845113697346,-63.63953081593658,-14.868920321036882,-1
2022-05-04,2057.63,-69.84069162297737,-64.87976297734474,-4.9609286456326345,-1
2022-05-05,1878.82,-76.51785221317459,-67.20738082451071,-9.310471388663885,-1
2022-05-06,1861.08,-82.29240421730992,-70.22438550307055,-12.068018714239372,-1
2022-05-07,1862.08,-85.79904861693353,-73.33931812584315,-12.459730491090383,-1
2022-05-08,1863.08,-87.48888056972237,-76.169230614619,-11.319649955103372,-1
2022-05-09,1547.11,-113.02138274846288,-83.53966104138777,-29.48172170707511,-1
2022-05-10,1598.44,-127.64278607655342,-92.3602860484209,-35.28250002813252,-1
2022-05-11,1395.03,-153.87012160623635,-104.66225315998399,-49.20786844625236,-1
2022-05-12,1323.5,-178.37119506560362,-119.40404154110793,-58.967153524495686,-1
2022-05-13,1419.42,-187.8827347267536,-133.09978017823707,-54.78295454851653,-1
2022-05-14,1420.42,-193.11390984900208,-145.10260611239008,-48.01130373661201,-1
2022-05-15,1421.42,-194.93190847926485,-155.06846658576504,-39.86344189349981,-1
2022-05-16,1403.08,-195.5978400730121,-163.17434128321446,-32.423498789797634,-1
2022-05-17,1428.88,-191.8324264775374,-168.90595832207907,-22.926468155458338,-1
2022-05-18,1375.09,-190.98713176339038,-173.32219301034132,-17.664938753049057,-1
2022-05-19,1389.23,-187.02039508691155,-176.06183342565538,-10.95856166125617,-1
2022-05-20,1361.41,-184.00052566702743,-177.6495718739298,-6.350953793097631,-1
2022-05-21,1362.41,-179.45788694014345,-178.01123488717252,-1.4466520529709328,-1
2022-05-22,1363.41,-173.7739633001047,-177.16378056975896,3.389817269654259,1
2022-05-23,1372.08,-166.6487927752869,-175.06078301086455,8.411990235577662,1
2022-05-24,1363.91,-159.81900056609584,-172.01242652191084,12.193425955815002,1
2022-05-25,1363.78,-152.65709498264277,-168.14136021405722,15.48426523141444,1
2022-05-26,1302.29,-150.21141858554847,-164.55537188835547,14.343953302806995,1
2022-05-27,1258.19,-150.1014280341435,-161.66458311751308,11.563155083369566,1
2022-05-28,1259.19,-148.22492343649992,-158.97665118131047,10.751727744810552,1
2022-05-29,1260.19,-144.98578253023788,-156.17847745109597,11.192694920858088,1
2022-05-30,1261.19,-140.71596236116966,-153.08597443311072,12.370012071941062,1
2022-05-31,1406.07,-124.20968203086045,-147.31071595266067,23.101033921800223,1
2022-06-01,1325.67,-116.27559137855724,-141.10369103783998,24.828099659282742,1
2022-06-02,1330.13,-108.3785620483643,-134.55866523994484,26.180103191580542,1
2022-06-03,1285.79,-104.4934414956681,-128.5456204910895,24.0521789954214,1
2022-06-04,1286.79,-100.17896309688149,-122.87228901224789,22.6933259153664,1
2022-06-05,1287.79,-95.57726106823793,-117.4132834234459,21.836022355207973,1
2022-06-06,1370.74,-84.26564539259698,-110.78375581727613,26.51811042467915,1
2022-06-07,1359.74,-75.32046906105393,-103.69109846603169,28.370629404977763,1
2022-06-08,1329.12,-69.89640818521752,-96.93216040986886,27.035752224651333,1
2022-06-09,1327.72,-64.96192848836336,-90.53811402556776,25.57618553720441,1
2022-06-10,1253.73,-66.2579124468009,-85.6820737098144,19.424161263013502,1
2022-06-11,1254.73,-66.43843648891834,-81.83334626563519,15.394909776716844,1
2022-06-12,1255.73,-65.74296744511912,-78.61527050153198,12.87230305641286,1
2022-06-13,968.84,-87.33468865074542,-80.35915413137468,-6.97553451937074,-1
2022-06-14,951.3,-104.65521451098539,-85.21836620729682,-19.436848303688564,-1
2022-06-15,956.78,-116.59562406517944,-91.49381777887335,-25.101806286306086,-1
2022-06-16,904.57,-128.78682102000153,-98.95241842709899,-29.834402592902535,-1
2022-06-17,897.67,-137.4210998761157,-106.64615471690234,-30.77494515921336,-1
2022-06-18,898.67,-142.5400237676456,-113.824928527051,-28.715095240594607,-1
2022-06-19,899.67,-144.84641685909878,-120.02922619346056,-24.817190665638222,-1
2022-06-20,900.67,-144.92297649645843,-125.00797625406014,-19.915000242398293,-1
2022-06-21,940.0,-140.19397932918798,-128.0451768690857,-12.148802460102274,-1
2022-06-22,902.19,-137.907454718601,-130.01763243898878,-7.889822279612218,-1
2022-06-23,946.26,-131.02886757676083,-130.2198794665432,-0.8089881102176264,-1
2022-06-24,998.49,-119.97995893199413,-128.1718953596334,8.191936427639263,1
2022-06-25,999.49,-109.87634151592908,-124.51278459089254,14.636443074963452,1
2022-06-26,1000.49,-100.62847782509846,-119.73592323773373,19.107445412635272,1
2022-06-27,968.23,-94.80968458783695,-114.75067550775438,19.940990919917425,1
2022-06-28,935.35,-91.7932547342806,-110.15919135305963,18.36593661877903,1
2022-06-29,915.67,-89.95379254435147,-106.11811159131801,16.16431904696654,1
2022-06-30,851.65,-92.59451256598118,-103.41339178625066,10.81887922026948,1
2022-07-01,877.19,-91.57086571607897,-101.04488657221633,9.474020856137358,1
2022-07-02,878.19,-89.64554848933415,-98.7650189556399,9.119470466305756,1
2022-07-03,879.19,-87.03573529471248,-96.41916222345442,9.38342692874194,1
2022-07-04,880.19,-83.91937754628009,-93.91920528801957,9.99982774173948,1
2022-07-05,929.5,-76.5878792813113,-90.45294008667793,13.865060805366625,1
2022-07-06,931.4,-69.81946463746044,-86.32624499683445,16.506780359374005,1
2022-07-07,1000.28,-58.226211402107765,-80.70623827788911,22.48002687578135,1
2022-07-08,995.93,-48.82664021883011,-74.33031866607732,25.50367844724721,1
2022-07-09,996.93,-40.82610279354037,-67.62947549156993,26.803372698029563,1
2022-07-10,997.93,-34.01284865357218,-60.90615012397039,26.893301470398214,1
2022-07-11,929.82,-33.72049457065043,-55.4690190133064,21.74852444265597,1
2022-07-12,870.23,-37.86078131969293,-51.94737147458371,14.086590154890779,1
2022-07-13,886.65,-39.36327627897481,-49.430552435461934,10.067276156487125,1
2022-07-14,958.7,-34.34428200172874,-46.4132983487153,12.069016346986558,1
2022-07-15,995.06,-27.120120878510534,-42.55466285467435,15.434541976163814,1
2022-07-16,996.06,-21.071332296176934,-38.25799674297487,17.186664446797934,1
2022-07-17,997.06,-16.012351699805322,-33.808867734340964,17.796516034535642,1
2022-07-18,1080.9,-5.178194802935423,-28.08273314805986,22.904538345124436,1
2022-07-19,1164.38,10.028488746497715,-20.460488769148345,30.48897751564606,1
2022-07-20,1154.48,21.038528692674845,-12.160685276783706,33.199213969458555,1
2022-07-21,1153.32,29.332337440332708,-3.8620807333604237,33.19441817369313,1
2022-07-22,1117.35,32.62666238575912,3.435667890463485,29.190994495295634,1
2022-07-23,1118.35,34.91564446681082,9.731663205732952,25.183981261077868,1
2022-07-24,1119.35,36.39087949365421,15.063506463317204,21.327373030337007,1
2022-07-25,1082.55,34.19636699908801,18.890078570471367,15.306288428616647,1
2022-07-26,1011.11,26.388400036119265,20.389742863600947,5.9986571725183175,1
2022-07-27,1140.5,30.29203389662962,22.370201070206683,7.921832826422936,1
2022-07-28,1219.42,39.30084066601353,25.756328989368054,13.544511676645474,1
2022-07-29,1224.7,46.33234636093266,29.87153246368098,16.460813897251683,1
2022-07-30,1225.7,51.39312892691282,34.17585175632735,17.217277170585476,1
2022-07-31,1226.7,54.85222490963906,38.31112638698969,16.54109852264937,1
2022-08-01,1171.46,52.5306365780466,41.155028425201074,11.375608152845523,1
2022-08-02,1173.84,50.302946157818496,42.98461197172456,7.318334186093935,1
2022-08-03,1192.48,49.47130327977288,44.28195023333423,5.189353046438654,1
2022-08-04,1145.78,44.53059956301627,44.331680099270635,0.19891946374563219,1
2022-08-05,1189.59,43.64702144233206,44.19474836788292,-0.5477269255508617,-1
2022-08-06,1190.59,42.537129507980126,43.863224595902366,-1.3260950879222406,-1
2022-08-07,1191.59,41.26257452228606,43.34309458117911,-2.0805200588930504,-1
2022-08-08,1260.98,45.32914740218621,43.74030514538053,1.5888422568056768,1
2022-08-09,1202.82,43.359093135416515,43.66406274338773,-0.3049696079712163,-1
2022-08-10,1261.64,46.013676337970765,44.13398546230434,1.8796908756664266,1
2022-08-11,1297.14,50.40101444438278,45.38739125872003,5.013623185662752,1
2022-08-12,1309.57,54.25558402126512,47.16102981122905,7.094554210036073,1
2022-08-13,1310.57,56.73702076644349,49.07622800227194,7.660792764171553,1
2022-08-14,1311.57,58.114362709059606,50.88385494362948,7.230507765430126,1
2022-08-15,1292.13,56.98043559619123,52.103171074141834,4.877264522049394,1
2022-08-16,1285.44,54.909006255953045,52.66433811050408,2.244668145448962,1
2022-08-17,1248.21,49.69043333974423,52.06955715635211,-2.37912381660788,-1
2022-08-18,1254.78,45.55963765508227,50.767573256098146,-5.207935601015876,-1
2022-08-19,1138.95,32.56406111974775,47.126870828828075,-14.562809709080327,-1
2022-08-20,1139.95,22.091013280158222,42.11969931909411,-20.028686038935888,-1
2022-08-21,1140.95,13.713656559338233,36.43849076714293,-22.724834207804697,-1
2022-08-22,1083.34,2.3982499369369634,29.630442601101738,-27.232192664164774,-1
2022-08-23,1126.49,-3.0522623733422733,23.093901606212935,-26.146163979555208,-1
2022-08-24,1141.39,-6.099219170588867,17.255277450852574,-23.35449662144144,-1
2022-08-25,1143.09,-8.281316727741114,12.147958615133838,-20.429275342874952,-1
2022-08-26,1069.12,-15.797304081888797,6.558906075729311,-22.356210157618108,-1
2022-08-27,1070.12,-21.426099825658184,0.9619048954518119,-22.388004721109997,-1
2022-08-28,1071.12,-25.512180823475774,-4.332912248333706,-21.179268575142068,-1
2022-08-29,1047.17,-30.333330541726355,-9.532995907012236,-20.80033463471412,-1
2022-08-30,1048.05,-33.69470618375499,-14.365337962360787,-19.3293682213942,-1
2022-08-31,1065.93,-34.51795255646971,-18.39586088118257,-16.122091675287137,-1
2022-09-01,1053.33,-35.77470737775343,-21.871630180496744,-13.903077197256685,-1
2022-09-02,1056.53,-36.09638471775929,-24.716581087949255,-11.379803629810038,-1
2022-09-03,1057.53,-35.857284232376514,-26.944721716834707,-8.912562515541808,-1
2022-09-04,1058.53,-35.181552692747346,-28.592087912017234,-6.589464780730111,-1
2022-09-05,1059.53,-34.17143194012897,-29.707956717639583,-4.463475222489386,-1
2022-09-06,1036.93,-34.793457767107384,-30.725056927533146,-4.068400839574238,-1
2022-09-07,1045.45,-34.20463517836288,-31.420972577699093,-2.783662600663785,-1
2022-09-08,1077.61,-30.788040441559133,-31.294386150471105,0.5063457089119723,1
2022-09-09,1149.32,-22.039904503133585,-29.443489821003602,7.403585317870018,1
2022-09-10,1150.32,-14.855012762166325,-26.52579440923615,11.670781647069823,1
2022-09-11,1151.32,-8.976764101725621,-23.015988347734044,14.039224246008423,1
2022-09-12,1182.99,-1.7426175546372633,-18.76131418911469,17.018696634477426,1
2022-09-13,1086.12,-3.782501398888371,-15.765551631069426,11.983050232181055,1
2022-09-14,1077.63,-6.014860520180264,-13.815413408891596,7.800552888711332,1
2022-09-15,1047.74,-10.079701877087928,-13.068271102530863,2.9885692254429355,1
2022-09-16,1021.56,-15.23797129486934,-13.50221114099856,-1.73576015387078,-1
2022-09-17,1022.56,-19.02592629404421,-14.606954171607692,-4.41897212243652,-1
2022-09-18,1023.56,-21.697105552155108,-16.024984447717177,-5.672121104437931,-1
2022-09-19,994.43,-25.866410035835543,-17.993269565340853,-7.87314047049469,-1
2022-09-20,974.65,-30.4160769670857,-20.477831045689825,-9.938245921395875,-1
2022-09-21,970.84,-33.937940494793565,-23.169852935510576,-10.76808755928299,-1
2022-09-22,984.52,-35.219196073541525,-25.579721563116767,-9.639474510424758,-1
2022-09-23,960.83,-37.71147100192161,-28.006071450877737,-9.705399551043872,-1
2022-09-24,961.83,-39.15457562100096,-30.235772284902385,-8.918803336098573,-1
2022-09-25,962.83,-39.75923507331686,-32.14046484258528,-7.618770230731577,-1
2022-09-26,984.02,-38.08950404509358,-33.33027268308694,-4.759231362006638,-1
2022-09-27,975.2,-37.05083154098577,-34.074384454666706,-2.9764470863190624,-1
2022-09-28,989.33,-34.68764560140289,-34.197036684013945,-0.49060891738894696,-1
2022-09-29,985.47,-32.7487660692351,-33.90738256105818,1.158616491823075,1
2022-09-30,989.17,-30.561338902217813,-33.238173829290105,2.676834927072292,1
2022-10-01,990.17,-28.41949324256359,-32.274437711944806,3.8549444693812163,1
2022-10-02,991.17,-26.337768087648556,-31.087103787085557,4.749335699437001,1
2022-10-03,979.85,-25.309661278667704,-29.93161528540199,4.621954006734285,1
2022-10-04,1011.03,-21.72844185535041,-28.290980599391673,6.562538744041262,1
2022-10-05,1008.32,-18.891207927049436,-26.411026064923227,7.519818137873791,1
2022-10-06,1007.15,-16.546352764681956,-24.438091404874974,7.891738640193019,1
2022-10-07,983.54,-16.40407190795895,-22.831287505491773,6.427215597532822,1
2022-10-08,984.54,-16.025885232088058,-21.470207050811034,5.444321818722976,1
2022-10-09,985.54,-15.467181879402006,-20.26960201652923,4.802420137127225,1
2022-10-10,971.29,-15.989939288215965,-19.41366947086658,3.4237301826506155,1
2022-10-11,947.81,-18.0903339613526,-19.149002368963785,1.0586684076111865,1
2022-10-12,953.05,-19.111778973509786,-19.141557689872986,0.029778716363200175,1
2022-10-13,949.08,-20.010953510402146,-19.31543685397882,-0.6955166564233259,-1
2022-10-14,947.47,-20.615822979358768,-19.57551407905481,-1.040308900303959,-1
2022-10-15,948.47,-20.7750133270672,-19.81541392865729,-0.9595993984099103,-1
2022-10-16,949.47,-20.583210741060043,-19.968973291137843,-0.6142374499222001,-1
2022-10-17,967.45,-18.764069561241854,-19.727992545158646,0.9639229839167918,1
2022-10-18,952.04,-18.354268698863052,-19.453247775899527,1.098979077036475,1
2022-10-19,951.55,-17.863122510972403,-19.1352227229141,1.272100211941698,1
2022-10-20,933.51,-18.713841337998588,-19.050946445931,0.33710510793241255,1
2022-10-21,941.27,-18.5480644493382,-18.95037004661244,0.40230559727424264,1
2022-10-22,942.27,-18.12703623800212,-18.785703284890378,0.6586670468882581,1
2022-10-23,943.27,-17.510822838943795,-18.53072719570106,1.0199043567572659,1
2022-10-24,962.14,-15.323181881403116,-17.889218132841474,2.5660362514383586,1
2022-10-25,1040.78,-7.161318659610174,-15.743638238195215,8.582319578585041,1
2022-10-26,1066.03,1.3291590060065346,-12.329078789354867,13.658237795361401,1
2022-10-27,1066.06,7.968488698372994,-8.269565291809295,16.238053990182287,1
2022-10-28,1067.05,13.158408101812483,-3.9839706130849395,17.142378714897422,1
2022-10-29,1068.05,17.15440298368867,0.24370410626978245,16.910698877418888,1
2022-10-30,1069.05,20.169448512410213,4.228852987497868,15.940595524912345,1
2022-10-31,1068.99,22.29702608035541,7.842487606069377,14.454538474286032,1
2022-11-01,1070.6,23.838267467431024,11.041643578341706,12.796623889089318,1
2022-11-02,1049.95,23.126838155681753,13.458682493809716,9.668155661872037,1
2022-11-03,1061.44,23.22247800367677,15.411441595783128,7.811036407893642,1
2022-11-04,1129.45,28.45806502984169,18.020766282594842,10.43729874724685,1
2022-11-05,1130.45,32.315484323505416,20.879709890776958,11.435774432728458,1
2022-11-06,1131.45,35.04918337895697,23.713604588412963,11.335578790544005,1
2022-11-07,1116.47,35.59656374002088,26.090196418734546,9.506367321286337,1
2022-11-08,942.45,21.737826829287314,25.2197225008451,-3.481895671557787,-1
2022-11-09,819.48,0.8225448983217802,20.340286980340437,-19.517742082018657,-1
2022-11-10,925.46,-7.119200715948523,14.848389441082645,-21.967590157031168,-1
2022-11-11,866.35,-17.975563226092504,8.283598907647615,-26.25916213374012,-1
2022-11-12,867.35,-26.196638546278336,1.3875514168624248,-27.584189963140762,-1
2022-11-13,868.35,-32.25934270259154,-5.341827407028369,-26.91751529556317,-1
2022-11-14,832.83,-39.47520102787871,-12.168502131198437,-27.306698896680274,-1
2022-11-15,863.19,-42.25691110007949,-18.18618392497465,-24.070727175104842,-1
2022-11-16,839.98,-45.806263309352744,-23.71019980185027,-22.096063507502475,-1
2022-11-17,838.51,-48.182351070927325,-28.60463005566568,-19.577721015261645,-1
2022-11-18,837.96,-49.53874631351789,-32.791453307236125,-16.747293006281765,-1
2022-11-19,838.96,-49.957132941604414,-36.224589234109786,-13.732543707494628,-1
2022-11-20,839.96,-49.635844596753714,-38.90684030663857,-10.729004290115142,-1
2022-11-21,778.49,-53.722062051964485,-41.86988465570376,-11.852177396260728,-1
2022-11-22,800.57,-54.54992972140917,-44.40589366884484,-10.144036052564331,-1
2022-11-23,832.16,-52.056892371585036,-45.93609340939288,-6.120798962192154,-1
2022-11-24,833.16,-49.43064496221746,-46.635003719957794,-2.795641242259663,-1
2022-11-25,836.06,-46.578392490921374,-46.623681474150516,0.04528898322914188,1
2022-11-26,837.06,-43.73314177989539,-46.04557353529949,2.3124317554040985,1
2022-11-27,838.06,-40.925801288010234,-45.02161908584164,4.095817797831408,1
2022-11-28,819.27,-39.758844477695334,-43.969064164212384,4.21021968651705,1
2022-11-29,839.39,-36.786455586677334,-42.53254244870537,5.7460868620280365,1
2022-11-30,877.09,-31.03103459700003,-40.23224087836431,9.201206281364279,1
2022-12-01,868.1,-26.88532260113334,-37.56285722291812,10.67753462178478,1
2022-12-02,880.31,-22.3568551103416,-34.521656800402816,12.164801690061218,1
2022-12-03,881.31,-18.474359439660475,-31.31219732825435,12.837837888593874,1
2022-12-04,882.31,-15.142212011751667,-28.078200264953814,12.935988253202147,1
2022-12-05,867.01,-13.57950719488008,-25.178461650939067,11.598954456058987,1
2022-12-06,865.95,-12.284971999953541,-22.599763720741965,10.314791720788424,1
2022-12-07,851.54,-12.280251012476128,-20.5358611790888,8.255610166612673,1
2022-12-08,874.57,-10.299455355478358,-18.48858001436671,8.189124658888353,1
2022-12-09,866.06,-9.30903761446325,-16.65267153438602,7.34363391992277,1
2022-12-10,867.06,-8.347211320340762,-14.99157949157697,6.6443681712362075,1
2022-12-11,868.06,-7.41874671588198,-13.477012936437973,6.058266220555993,1
2022-12-12,858.96,-7.3326989862816845,-12.248150146406715,4.915451160125031,1
2022-12-13,892.46,-4.509354480340903,-10.700391013193553,6.1910365328526495,1
2022-12-14,888.04,-2.5985363690729173,-9.080020084369426,6.481483715296509,1
2022-12-15,864.77,-2.9281399984888594,-7.849644067193314,4.921504068704454,1
2022-12-16,829.12,-5.996881987364759,-7.479091651227604,1.4822096638628448,1
2022-12-17,830.12,-8.253054406143747,-7.633884202210833,-0.6191702039329137,-1
2022-12-18,831.12,-9.846886877766678,-8.076484737322001,-1.770402140444677,-1
2022-12-19,798.19,-13.610295374020893,-9.183246864661779,-4.427048509359114,-1
2022-12-20,816.42,-14.949486698732585,-10.33649483147594,-4.612991867256644,-1
2022-12-21,809.71,-16.363616805572406,-11.541919226295235,-4.821697579277171,-1
2022-12-22,813.14,-17.011455301751084,-12.635826441386406,-4.375628860364678,-1
2022-12-23,814.59,-17.20948882095945,-13.550558917301014,-3.6589299036584357,-1
2022-12-24,815.59,-17.088751677080268,-14.258197469256865,-2.8305542078234023,-1
2022-12-25,816.59,-16.71964136005738,-14.75048624741697,-1.9691551126404114,-1
2022-12-26,817.59,-16.160143061990198,-15.032417610331615,-1.1277254516585824,-1
2022-12-27,808.85,-16.23483649727109,-15.27290138771951,-0.9619351095515789,-1
2022-12-28,797.26,-17.032903017821354,-15.62490171373988,-1.4080013040814752,-1
2022-12-29,790.73,-17.984973334288725,-16.09691603784965,-1.8880572964390758,-1
2022-12-30,794.08,-18.258703943096066,-16.529273618898934,-1.729430324197132,-1
2022-12-31,795.08,-18.185316768308667,-16.86048224878088,-1.324834519527787,-1
2023-01-01,796.08,-17.840807537141245,-17.056547306452956,-0.7842602306882895,-1
2023-01-02,797.08,-17.28780677155828,-17.10279919947402,-0.18500757208425966,-1
2023-01-03,815.43,-15.193714356682221,-16.720982230915663,1.5272678742334413,1
2023-01-04,833.07,-11.972716432130255,-15.771329071158583,3.7986126390283275,1
2023-01-05,836.77,-9.01754465155966,-14.4205721872388,5.40302753567914,1
2023-01-06,840.89,-6.270814115197368,-12.790620572830514,6.5198064576331465,1
2023-01-07,841.89,-3.9675829073330533,-11.026013039731023,7.0584301323979695,1
2023-01-08,842.89,-2.038070332426969,-9.228424498270213,7.190354165843244,1
2023-01-09,882.59,2.6638334836097783,-6.8499729018942155,9.513806385503994,1
2023-01-10,898.99,7.625566291232758,-3.954865063268821,11.58043135450158,1
2023-01-11,901.08,11.592786396450379,-0.8453347713249815,12.43812116777536,1
2023-01-12,961.43,19.38314076496613,3.2003603359332407,16.18278042903289,1
2023-01-13,972.14,26.12016323870398,7.784320916487389,18.335842322216592,1
2023-01-14,973.14,31.18056360144783,12.463569453479478,18.71699414796835,1
2023-01-15,974.14,34.869702761985764,16.944796115180736,17.924906646805027,1
2023-01-16,975.14,37.44245050586028,21.044326993316645,16.398123512543634,1
2023-01-17,1073.29,46.86107109714817,26.207675814082954,20.653395283065215,1
2023-01-18,1025.62,49.90356790118119,30.946854231502606,18.956713669678585,1
2023-01-19,1046.16,53.35710735845862,35.42890485689381,17.92820250156481,1
2023-01-20,1105.26,60.16934360152834,40.37699260582072,19.792350995707622,1
2023-01-21,1106.26,64.90064728368793,45.281723541394165,19.618923742293767,1
2023-01-22,1107.26,67.94767270664852,49.81491337444504,18.132759332203477,1
2023-01-23,1125.24,70.99491287897774,54.05091327535158,16.94399960362616,1
2023-01-24,1120.63,72.20554363645533,57.681839347572335,14.523704288882996,1
2023-01-25,1106.02,71.16571823406355,60.37861512487058,10.78710310919297,1
2023-01-26,1128.87,71.36282689903794,62.575457479704056,8.787369419333885,1
2023-01-27,1134.34,71.14035845251885,64.28843767426702,6.851920778251838,1
2023-01-28,1135.34,70.23511555621451,65.47777325065653,4.757342305557984,1
2023-01-29,1136.34,68.80525157128977,66.14326891478318,2.661982656506595,1
2023-01-30,1101.96,64.15831823186136,65.74627877819881,-1.587960546337456,-1
2023-01-31,1128.55,61.9075491684132,64.9785328562417,-3.0709836878285017,-1
2023-02-01,1156.4,61.6602793988352,64.3148821647604,-2.6546027659252047,-1
2023-02-02,1186.87,63.194523546330174,64.09081044107435,-0.8962868947441791,-1
2023-02-03,1170.77,62.392070687001706,63.75106249025983,-1.358991803258121,-1
2023-02-04,1171.77,61.13211963553931,63.22727391931572,-2.0951542837764094,-1
2023-02-05,1172.77,59.528088246096786,62.487436784671935,-2.9593485385751492,-1
2023-02-06,1151.6,55.9042107957232,61.17079158688219,-5.266580791158987,-1
2023-02-07,1166.54,53.61970041955351,59.66057335341646,-6.04087293386295,-1
2023-02-08,1151.93,50.053321060223425,57.73912289477786,-7.685801834554432,-1
2023-02-09,1105.88,43.01523670678557,54.794345657179406,-11.779108950393834,-1
2023-02-10,1084.0,35.2654528206815,50.88856708987983,-15.623114269198325,-1
2023-02-11,1085.0,28.871571396290165,46.4851679511619,-17.613596554871734,-1
2023-02-12,1086.0,23.612871460983115,41.91070865312614,-18.297837192143028,-1
2023-02-13,1058.03,16.99248978561741,36.927064879624396,-19.934575094006988,-1
2023-02-14,1104.5,15.318943005366464,32.60544050477281,-17.286497499406345,-1
2023-02-15,1182.08,20.021902730180045,30.088732949854258,-10.066830219674213,-1
2023-02-16,1201.26,25.00841644357888,29.07266964859918,-4.0642532050203,-1
2023-02-17,1220.85,30.192968025944538,29.296729324068252,0.8962387018762854,1
2023-02-18,1221.85,33.990631310978415,30.23550972145029,3.7551215895281267,1
2023-02-19,1222.85,36.65842298659186,31.520092374478605,5.138330612113254,1
2023-02-20,1223.85,38.41058543345048,32.89819098627298,5.512394447177499,1
2023-02-21,1199.55,37.40717327149105,33.799987443316596,3.607185828174451,1
2023-02-22,1162.59,33.24635550048015,33.68926105474931,-0.44290555426916,-1
2023-02-23,1178.19,30.852024135722786,33.12181367094401,-2.2697895352212214,-1
2023-02-24,1138.29,25.44162749227189,31.585776435209585,-6.144148942937694,-1
2023-02-25,1139.29,20.99255174606651,29.46713149738097,-8.474579751314458,-1
2023-02-26,1140.29,17.347349360908083,27.04317507008639,-9.695825709178308,-1
2023-02-27,1133.45,13.748089949619498,24.38415804599301,-10.636068096373513,-1
2023-02-28,1132.43,10.690116451320819,21.645349727058576,-10.955233275737758,-1
2023-03-01,1141.55,8.899964947510398,19.096272771148943,-10.196307823638545,-1
2023-03-02,1138.54,7.155886533442526,16.70819552360766,-9.552308990165134,-1
2023-03-03,1083.32,1.3028805220394588,13.627132523294021,-12.324252001254562,-1
2023-03-04,1084.32,-3.217883509937792,10.258129316647658,-13.47601282658545,-1
2023-03-05,1085.32,-6.643349534878098,6.877833546342506,-13.521183081220604,-1
2023-03-06,1078.98,-9.757166511285504,3.5508335348169044,-13.308000046102409,-1
2023-03-07,1066.17,-13.10745426760127,0.21917597433326952,-13.32663024193454,-1
2023-03-08,1061.19,-15.980215851408957,-3.020702390815176,-12.959513460593781,-1
2023-03-09,977.18,-24.75049668372094,-7.366661249396329,-17.38383543432461,-1
2023-03-10,972.11,-31.744186832298965,-12.242166365976857,-19.502020466322108,-1
2023-03-11,973.11,-36.78204450617295,-17.150141994016078,-19.631902512156874,-1
2023-03-12,974.11,-40.23014331611785,-21.76614225843643,-18.464001057681415,-1
2023-03-13,1145.07,-28.835347303212757,-23.179983267391698,-5.655364035821059,-1
2023-03-14,1171.8,-17.446884930672468,-22.033363600047853,4.586478669375385,1
2023-03-15,1121.69,-12.3228544686458,-20.091261773767442,7.768407305121642,1
2023-03-16,1149.69,-5.934251064281398,-17.25985963187023,11.325608567588834,1
2023-03-17,1208.6,3.8380650053975387,-13.040274704416678,16.878339709814217,1
2023-03-18,1209.6,11.530471441694317,-8.12612547519448,19.656596916888795,1
2023-03-19,1210.6,17.505656297007363,-2.9997691207541113,20.505425417761472,1
2023-03-20,1224.68,23.11076515747186,2.222337734891083,20.888427422580776,1
2023-03-21,1252.26,29.438975630400137,7.6656653139928945,21.77331031640724,1
2023-03-22,1198.47,29.7705482159663,12.086641894387576,17.683906321578725,1
2023-03-23,1264.71,34.975164364589546,16.664346388427973,18.310817976161573,1
2023-03-24,1230.33,35.91171360508247,20.513819831758873,15.397893773323595,1
2023-03-25,1231.33,36.31599903731967,23.674255672871034,12.641743364448637,1
2023-03-26,1232.33,36.298661423974636,26.199136823091756,10.09952460088288,1
2023-03-27,1185.57,32.141275414385746,27.387564541350557,4.753710873035189,1
2023-03-28,1224.38,31.613736228361404,28.232798878752728,3.3809373496086756,1
2023-03-29,1259.31,33.62659029938686,29.31155716287956,4.315033136507303,1
2023-03-30,1237.52,33.08217009521127,30.065679749345904,3.016490345865364,1
2023-03-31,1267.92,34.70369648686619,30.99328309684996,3.7104133900162317,1
2023-04-01,1268.92,35.65841150611891,31.926308778703753,3.732102727415157,1
2023-04-02,1269.92,36.07981601970869,32.75701022690474,3.3228057928039476,1
2023-04-03,1258.52,35.089408547225275,33.22348989096885,1.8659186562564258,1
2023-04-04,1274.55,35.19231541582394,33.617254995939874,1.5750604198840676,1
2023-04-05,1286.79,35.848298684203655,34.06346373359263,1.7848349506110281,1
2023-04-06,1268.64,34.50585482114866,34.15194195110384,0.3539128700448231,1
2023-04-07,1269.64,33.14062552877044,33.94967866663716,-0.8090531378667194,-1
2023-04-08,1270.64,31.773102572875587,33.51436344788485,-1.7412608750092602,-1
2023-04-09,1271.64,30.41936689434965,32.89536413717781,-2.475997242828157,-1
2023-04-10,1290.64,30.527757836879573,32.421842877118166,-1.8940850402385934,-1
2023-04-11,1320.13,32.61726347177455,32.460926996049444,0.15633647572510512,1
2023-04-12,1312.67,33.287534114820346,32.62624841980363,0.6612856950167156,1
2023-04-13,1363.75,37.508087648661785,33.602616265575264,3.905471383086521,1
2023-04-14,1388.51,42.362503236159455,35.35459365969211,7.007909576467348,1
2023-04-15,1389.51,45.76282880202052,37.436240688157795,8.326588113862726,1
2023-04-16,1390.51,47.98515990003693,39.54602453053363,8.439135369503305,1
2023-04-17,1380.65,48.39291036258487,41.31540169694388,7.077508665640991,1
2023-04-18,1396.26,49.406128982956034,42.93354715414632,6.472581828809716,1
2023-04-19,1331.34,44.45812500765783,43.238462724848624,1.2196622828092032,1
2023-04-20,1281.36,36.08782987022846,41.80833615392459,-5.720506283696132,-1
2023-04-21,1233.02,25.26246667286682,38.49916225771304,-13.236695584846217,-1
2023-04-22,1234.02,16.57293748208076,34.113917302586586,-17.540979820505825,-1
2023-04-23,1235.02,9.655808486654678,29.222295539400207,-19.56648705274553,-1
2023-04-24,1230.94,3.800897638538572,24.13801595922788,-20.337118320689306,-1
2023-04-25,1234.75,-0.5256666742423022,19.205279432533843,-19.730946106776145,-1
2023-04-26,1240.89,-3.419633965745561,14.680296752877963,-18.099930718623526,-1
2023-04-27,1305.41,-0.5011224822712848,11.644012905848115,-12.1451353881194,-1
2023-04-28,1290.85,0.629689904864108,9.441148305651314,-8.811458400787206,-1
2023-04-29,1291.85,1.5882501522796701,7.870568674976986,-6.282318522697316,-1
2023-04-30,1292.85,2.4009312560690432,6.776641191195398,-4.375709935126355,-1
2023-05-01,1229.15,-2.071195300860154,5.0070738927842875,-7.0782691936444415,-1
2023-05-02,1264.34,-2.7442153064216654,3.456816052943097,-6.201031359364762,-1
2023-05-03,1252.98,-4.146447899879604,1.9361632623785567,-6.082611162258161,-1
2023-05-04,1264.09,-4.311542405866476,0.6866221287295503,-4.998164534596026,-1
2023-05-05,1311.31,-0.6249179600629304,0.42431411097105415,-1.0492320710339846,-1
2023-05-06,1312.31,2.350356667960341,0.8095226223689116,1.5408340455914293,1
2023-05-07,1313.31,4.734399676606017,1.594498033216333,3.1399016433896842,1
2023-05-08,1202.26,-2.3104030907127253,0.8135178084305213,-3.1239208991432466,-1
2023-05-09,1212.07,-7.020941975755022,-0.7533741484065875,-6.267567827348435,-1
2023-05-10,1218.71,-10.101837774853493,-2.6230668736959686,-7.4787709011575245,-1
2023-05-11,1177.22,-15.710267956200141,-5.240507090196804,-10.469760866003337,-1
2023-05-12,1171.4,-20.38957629821016,-8.270320931799475,-12.119255366410684,-1
2023-05-13,1172.4,-23.743569143964805,-11.36497057423254,-12.378598569732265,-1
2023-05-14,1173.4,-26.02098725224596,-14.296173909835225,-11.724813342410734,-1
2023-05-15,1210.62,-24.53963691255467,-16.344866510379113,-8.194770402175557,-1
2023-05-16,1195.87,-24.276018989291742,-17.93109700616164,-6.344921983130103,-1
2023-05-17,1218.53,-21.98519561363787,-18.741916727656886,-3.2432788859809847,-1
2023-05-18,1189.78,-22.233294728283454,-19.4401923277822,-2.7931024005012546,-1
2023-05-19,1195.6,-21.710029992142154,-19.89415986065419,-1.8158701314879622,-1
2023-05-20,1196.6,-20.972884914058568,-20.10990487133507,-0.8629800427234997,-1
2023-05-21,1197.6,-20.07657028121139,-20.103237953310334,0.02666767209894516,1
2023-05-22,1193.6,-19.464624967371492,-19.975515356122568,0.5108903887510756,1
2023-05-23,1210.49,-17.41601111786872,-19.4636145084718,2.0476033906030793,1
2023-05-24,1171.24,-18.743552846972307,-19.3196021761719,0.576049329199595,1
2023-05-25,1179.34,-18.92389405527888,-19.240460551993298,0.31656649671441883,1
2023-05-26,1195.93,-17.52611130902028,-18.897590703398695,1.3714793943784152,1
2023-05-27,1196.93,-16.151482532789032,-18.348369069276764,2.1968865364877317,1
2023-05-28,1197.93,-14.810659616564408,-17.64082717873429,2.8301675621698834,1
2023-05-29,1198.93,-13.511602806228211,-16.814982304233077,3.3033794980048654,1
2023-05-30,1241.99,-8.904859119426646,-15.23295766727179,6.328098547845144,1
2023-05-31,1211.47,-7.628750998776695,-13.712116333572773,6.083365334796078,1
2023-06-01,1208.26,-6.798082231899571,-12.329309513238133,5.531227281338563,1
2023-06-02,1230.9,-4.263762460336011,-10.716200102657709,6.452437642321698,1
2023-06-03,1231.9,-2.149822326372032,-9.002924547400573,6.853102221028541,1
2023-06-04,1232.9,-0.389329944191104,-7.28020562675868,6.890875682567576,1
2023-06-05,1157.52,-5.018809360497244,-6.827926373506393,1.809117013009149,1
2023-06-06,1208.77,-4.500380876286954,-6.362417274062506,1.8620363977755519,1
2023-06-07,1168.42,-7.261721740494977,-6.542278167349,-0.719443573145977,-1
2023-06-08,1168.46,-9.339219890624008,-7.101666512004002,-2.2375533786200066,-1
2023-06-09,1149.0,-12.412824197527016,-8.163898049108605,-4.248926148418411,-1
2023-06-10,1150.0,-14.59968997418855,-9.451056434124595,-5.148633540063955,-1
2023-06-11,1151.0,-16.06689603881864,-10.774224355063405,-5.292671683755236,-1
2023-06-12,1081.33,-22.591038727189016,-13.137587229488528,-9.453451497700488,-1
2023-06-13,1086.69,-27.01752044910677,-15.913573873412176,-11.103946575694593,-1
2023-06-14,1086.92,-30.15932213494989,-18.76272352571972,-11.396598609230168,-1
2023-06-15,1053.07,-34.97743659383059,-22.005666139341898,-12.971770454488691,-1
2023-06-16,1084.48,-35.84806830271032,-24.77414657201558,-11.073921730694735,-1
2023-06-17,1085.48,-36.04189008826893,-27.027695275266254,-9.014194813002675,-1
2023-06-18,1086.48,-35.70323889361248,-28.7628039989355,-6.940434894676979,-1
2023-06-19,1087.48,-34.95126728647597,-30.000496656443595,-4.950770630032373,-1
2023-06-20,1131.96,-30.415548593859057,-30.08350704392669,-0.33204154993236656,-1
2023-06-21,1204.76,-20.70789949173627,-28.20838553348861,7.500486041752339,1
2023-06-22,1210.62,-12.398739659683088,-25.046456358727507,12.64771669904442,1
2023-06-23,1233.83,-3.8959080002716746,-20.816346687036344,16.92043868676467,1
2023-06-24,1234.83,2.8900245875893233,-16.07507243211121,18.965097019700533,1
2023-06-25,1235.83,8.253475765114672,-11.209362792666035,19.462838557780707,1
2023-06-26,1207.4,10.093632946764274,-6.948763644779973,17.042396591544247,1
2023-06-27,1227.06,12.98864346860637,-2.961282222102705,15.949925690709074,1
2023-06-28,1182.4,11.546174293769354,-0.059790918928293024,11.605965212697647,1
2023-06-29,1207.28,12.26918363777122,2.40600399241161,9.863179645359612,1
2023-06-30,1241.6,15.43360197124548,5.011523588178385,10.422078383067095,1
2023-07-01,1242.6,17.816737680135702,7.572566406569848,10.244171273565854,1
2023-07-02,1243.6,19.5605991309169,9.97017295143926,9.590426179477639,1
2023-07-03,1282.68,23.82145241422495,12.740428843996398,11.081023570228552,1
2023-07-04,1283.68,26.968030315230408,15.585949138243201,11.382081176987207,1
2023-07-05,1235.26,25.2634058181236,17.521440474219283,7.741965343904319,1
2023-07-06,1232.45,23.415812199956008,18.70031481936663,4.71549738058938,1
2023-07-07,1227.55,21.31053728885672,19.222359313264647,2.0881779755920746,1
2023-07-08,1228.55,19.498022332424398,19.277491917096597,0.2205304153278007,1
2023-07-09,1229.55,17.9355331519439,19.00910016406606,-1.073567012122158,-1
2023-07-10,1253.45,18.413519883454455,18.88998410794374,-0.47646422448928405,-1
2023-07-11,1242.39,17.695891027703738,18.65116549189574,-0.9552744641920015,-1
2023-07-12,1232.89,16.17414886405072,18.15576216632674,-1.981613302276017,-1
2023-07-13,1335.35,22.9710272388063,19.11881518082265,3.8522120579836496,1
2023-07-14,1276.93,23.374153860180968,19.969882916694317,3.404270943486651,1
2023-07-15,1277.93,23.503393761711777,20.67658508569781,2.826808676013968,1
2023-07-16,1278.93,23.416577231438623,21.224583514845975,2.1919937165926484,1
2023-07-17,1261.38,21.68170300137922,21.316007412152622,0.36569558922659695,1
2023-07-18,1252.58,19.3733918182686,20.92748429337582,-1.5540924751072183,-1
2023-07-19,1275.89,19.203593691121796,20.58270617292502,-1.3791124818032223,-1
2023-07-20,1264.13,17.913596939754825,20.04888432629098,-2.135287386536156,-1
2023-07-21,1274.62,17.535581286236265,19.54622371828004,-2.010642432043774,-1
2023-07-22,1275.62,17.119351571528114,19.060849288929656,-1.9414977174015426,-1
2023-07-23,1276.62,16.677925423862007,18.58426451591613,-1.9063390920541217,-1
2023-07-24,1226.54,12.14703114379472,17.296817841491848,-5.149786697697127,-1
2023-07-25,1228.53,8.617503931277042,15.560955059448888,-6.943451128171846,-1
2023-07-26,1245.12,7.07741846356339,13.86424774027179,-6.786829276708399,-1
2023-07-27,1236.68,5.116868100385318,12.114771812294496,-6.997903711909178,-1
2023-07-28,1245.32,4.211743250597692,10.534166099955135,-6.322422849357443,-1
2023-07-29,1246.32,3.5343748554580543,9.13420785105572,-5.599832995597666,-1
2023-07-30,1247.32,3.043167425015781,7.915999765847732,-4.872832340831951,-1
2023-07-31,1233.83,1.5475129718199696,6.6423024070421794,-5.09478943522221,-1
2023-08-01,1233.31,0.31658697034959005,5.377159319703662,-5.0605723493540715,-1
2023-08-02,1220.56,-1.6685155888692407,3.968024337989081,-5.636539926858322,-1
2023-08-03,1217.55,-3.444894909181585,2.485440488554948,-5.930335397736533,-1
2023-08-04,1205.3,-5.774595004478215,0.8334333899483157,-6.608028394426531,-1
2023-08-05,1206.3,-7.454279181654101,-0.8241091243721678,-6.6301700572819335,-1
2023-08-06,1207.3,-8.60554992808352,-2.380397285114438,-6.225152642969081,-1
2023-08-07,1202.26,-9.811525015137022,-3.8666228311189554,-5.9449021840180665,-1
2023-08-08,1236.43,-7.918753074621691,-4.677048879819503,-3.241704194802188,-1
2023-08-09,1225.87,-7.187963057698198,-5.179231715395242,-2.008731342302956,-1
2023-08-10,1225.12,-6.593321727542161,-5.462049717824627,-1.1312720097175344,-1
2023-08-11,1220.16,-6.447966591635804,-5.659233092586863,-0.7887334990489414,-1
2023-08-12,1221.16,-6.180831182118254,-5.763552710493141,-0.4172784716251128,-1
2023-08-13,1222.16,-5.821328155491756,-5.775107799492865,-0.04622035599889074,-1
2023-08-14,1219.65,-5.673554238271663,-5.754797087248625,0.0812428489769621,1
2023-08-15,1199.82,-7.075001405825333,-6.018837950963967,-1.056163454861366,-1
2023-08-16,1187.68,-9.060807575209992,-6.627231875813171,-2.4335756993968207,-1
2023-08-17,1144.69,-13.94278326261724,-8.090342153173985,-5.852441109443255,-1
2023-08-18,1077.58,-22.962305145769733,-11.064734751693136,-11.897570394076597,-1
2023-08-19,1078.58,-29.687431348857444,-14.789274071125998,-14.898157277731446,-1
2023-08-20,1079.58,-34.53831448405322,-18.739082153711443,-15.799232330341773,-1
2023-08-21,1081.24,-37.81284327106914,-22.553834377182984,-15.259008893886158,-1
2023-08-22,1053.76,-42.13957843729463,-26.470983189205313,-15.668595248089318,-1
2023-08-23,1096.29,-41.65654099274434,-29.50809474991312,-12.14844624283122,-1
2023-08-24,1069.04,-42.97716361034486,-32.20190852199947,-10.77525508834539,-1
2023-08-25,1063.64,-43.95284043484253,-34.55209490456808,-9.400745530274449,-1
2023-08-26,1064.64,-44.13660044908033,-36.46899601347053,-7.667604435609803,-1
2023-08-27,1065.64,-43.69781868873588,-37.9147605485236,-5.783058140212276,-1
2023-08-28,1069.17,-42.57446752392207,-38.84670194360329,-3.727765580318774,-1
2023-08-29,1132.01,-36.19629247999205,-38.31662005088105,2.120327570888996,1
2023-08-30,1102.95,-33.10483006688446,-37.27426205408173,4.169431987197271,1
2023-08-31,1064.59,-33.36553809004067,-36.49251726127352,3.126979171232847,1
2023-09-01,1040.98,-35.07298126385194,-36.2086100617892,1.1356287979372581,1
2023-09-02,1041.98,-35.931257468247395,-36.15313954308084,0.22188207483344513,1
2023-09-03,1042.98,-36.11445099057141,-36.145401832578955,0.030950842007541723,1
2023-09-04,1043.98,-35.76664590418045,-36.069650646899255,0.3030047427188052,1
2023-09-05,1051.01,-34.52575421650454,-35.76087136082031,1.2351171443157725,1
2023-09-06,1048.36,-33.37148575218316,-35.282994239092886,1.9115084869097245,1
2023-09-07,1053.99,-31.63772572170683,-34.55394053561567,2.9162148139088444,1
2023-09-08,1051.03,-30.154948196727446,-33.674142067838034,3.5191938711105877,1
2023-09-09,1052.03,-28.56980970055588,-32.653275594381604,4.083465893825725,1
2023-09-10,1053.03,-26.922538118648617,-31.50712809923501,4.584589980586394,1
2023-09-11,994.11,-30.025302114377837,-31.210762902263575,1.185460787885738,1
2023-09-12,1033.02,-29.010142257876396,-30.77063877338614,1.7604965155097432,1
2023-09-13,1036.54,-27.603391461382444,-30.137189310985402,2.5337978496029585,1
2023-09-14,1058.7,-24.41891842753239,-28.993535134294802,4.574616706762413,1
2023-09-15,1051.94,-22.184941908960127,-27.63181648922787,5.4468745802677425,1
2023-09-16,1052.94,-20.10208347521848,-26.125869886425992,6.023786411207514,1
2023-09-17,1053.94,-18.16135867983462,-24.532967645107718,6.371608965273097,1
2023-09-18,1071.13,-15.062598698495776,-22.63889385578533,7.576295157289554,1
2023-09-19,1080.95,-11.679779924529612,-20.447071069534186,8.767291145004574,1
2023-09-20,1066.53,-10.046633820430316,-18.366983619713412,8.320349799283097,1
2023-09-21,1049.98,-9.972839763709544,-16.68815484851264,6.715315084803095,1
2023-09-22,1048.01,-9.958524308857477,-15.342228740581607,5.38370443172413,1
2023-09-23,1049.01,-9.754048960367982,-14.224592784538881,4.4705438241709,1
2023-09-24,1050.01,-9.402918143627176,-13.260257856356542,3.8573397127293667,1
2023-09-25,1047.91,-9.18818125707935,-12.445842536501104,3.257661279421754,1
2023-09-26,1044.54,-9.184063397167847,-11.793486708634452,2.609423311466605,1
2023-09-27,1047.28,-8.857599963936082,-11.206309359694778,2.3487093957586964,1
2023-09-28,1082.83,-5.6649850237809005,-10.098044492512004,4.433059468731104,1
2023-09-29,1083.48,-3.0472384464653715,-8.687883283302677,5.640644836837305,1
2023-09-30,1084.48,-0.881798952027566,-7.126666417047655,6.244867465020089,1
2023-10-01,1085.48,0.9045915231249637,-5.520414829013132,6.425006352138095,1
2023-10-02,1114.3,4.592907803963726,-3.49775030241776,8.090658106381486,1
2023-10-03,1095.56,5.935344687196675,-1.6111313044948732,7.5464759916915485,1
2023-10-04,1097.37,7.063859684747513,0.12386689335360401,6.939992791393909,1
2023-10-05,1088.67,7.173506937133425,1.5337949021095683,5.639712035023857,1
2023-10-06,1109.91,8.872022511656496,3.001440424018954,5.870582087637542,1
2023-10-07,1110.91,10.181434742275314,4.437439287670227,5.743995454605088,1
2023-10-08,1111.91,11.171071848973497,5.78416579993088,5.386906049042617,1
2023-10-09,1070.05,8.479863635144739,6.323305366973652,2.1565582681710866,1
2023-10-10,1059.64,5.444303198268699,6.147504933232662,-0.7032017349639634,-1
2023-10-11,1047.41,2.028359229796024,5.323675792545335,-3.295316562749311,-1
2023-10-12,1034.02,-1.7392135002587565,3.9110979339845167,-5.650311434243273,-1
2023-10-13,1040.91,-4.121565770241659,2.3045651931392817,-6.426130963380941,-1
2023-10-14,1041.91,-5.8613395912225315,0.6713842362669191,-6.53272382748945,-1
2023-10-15,1042.91,-7.077842276136835,-0.8784610662138318,-6.199381209923003,-1
2023-10-16,1090.39,-4.162705151483806,-1.5353098832678267,-2.627395268215979,-1
2023-10-17,1078.17,-2.8061423882772942,-1.7894763842697206,-1.0166660040075737,-1
2023-10-18,1072.86,-2.134919227494265,-1.8585649529146295,-0.2763542745796357,-1
2023-10-19,1085.41,-0.5835629707271437,-1.6035645564771326,1.020001585749989,1
2023-10-20,1117.3,3.182469002190146,-0.646357844743677,3.828826846933823,1
2023-10-21,1118.3,6.176568479521848,0.718227420109428,5.45834105941242,1
2023-10-22,1119.3,8.53175674832005,2.2809332857515523,6.250823462568497,1
2023-10-23,1203.46,16.993379958935975,5.223422620388437,11.769957338547538,1
2023-10-24,1257.86,27.7688012212825,9.73249834056725,18.03630288071525,1
2023-10-25,1286.08,38.145797353078024,15.415158143069405,22.73063921000862,1
2023-10-26,1270.33,44.584802329805825,21.249086980416692,23.335715349389133,1
2023-10-27,1260.07,48.30305634485126,26.659880853303605,21.64317549154765,1
2023-10-28,1261.07,50.74552822165492,31.47701032697387,19.268517894681054,1
2023-10-29,1262.07,52.16062125081271,35.61373251174164,16.546888739071072,1
2023-10-30,1298.51,55.58178392322043,39.60734279403739,15.974441129183035,1
2023-10-31,1301.26,57.848144604756726,43.25550315618126,14.592641448575463,1
2023-11-01,1333.81,61.56112639678918,46.91662780430285,14.644498592486329,1
2023-11-02,1334.98,63.8619397506975,50.30569019358178,13.55624955711572,1
2023-11-03,1325.39,64.1717856575981,53.07890928638505,11.092876371213045,1
2023-11-04,1326.39,63.76301210137899,55.21572984938384,8.54728225199515,1
2023-11-05,1327.39,62.79587598637704,56.73175907678248,6.06411690959456,1
2023-11-06,1385.95,65.99397873403791,58.58420300823357,7.409775725804337,1
2023-11-07,1405.39,69.29831588694537,60.72702558397594,8.571290302969437,1
2023-11-08,1409.27,71.40697529863132,62.86301552690702,8.543959771724303,1
2023-11-09,1448.0,75.33487682860027,65.35738778724567,9.977489041354602,1
2023-11-10,1519.62,83.26705179562919,68.93932058892239,14.327731206706801,1
2023-11-11,1520.62,88.61257860118553,72.87397219137502,15.738606409810515,1
2023-11-12,1521.62,91.87061152746287,76.67330005859259,15.197311468870282,1
2023-11-13,1522.95,93.48233975713924,80.03510799830192,13.447231758837319,1
2023-11-14,1464.33,89.00352466919776,81.8287913324811,7.174733336716656,1
2023-11-15,1566.59,92.63768920520693,83.99057090702627,8.647118298180658,1
2023-11-16,1499.43,89.07177607296103,85.00681194021323,4.064964132747804,1
2023-11-17,1484.03,84.03441648418766,84.81233284900813,-0.7779163648204701,-1
2023-11-18,1485.03,79.20988214558542,83.69184270832359,-4.481960562738166,-1
2023-11-19,1486.03,74.6070716849074,81.87488850364036,-7.2678168187329675,-1
2023-11-20,1530.57,73.70370654694125,80.24065211230055,-6.536945565359304,-1
2023-11-21,1491.67,69.05287965483762,78.00309762080798,-8.950217965970353,-1
2023-11-22,1542.41,68.66977733589783,76.13643356382595,-7.466656227928112,-1
2023-11-23,1543.41,67.66683646110573,74.44251414328191,-6.77567768217618,-1
2023-11-24,1547.74,66.4553376394183,72.8450788425092,-6.389741203090892,-1
2023-11-25,1548.74,64.82860394562431,71.24178386313223,-6.413179917507918,-1
2023-11-26,1549.74,62.8950820607929,69.57244350266436,-6.677361441871454,-1
2023-11-27,1487.88,55.7287605605884,66.80370691424916,-11.074946353660764,-1
2023-11-28,1548.78,54.33715527626191,64.3103965866517,-9.973241310389795,-1
2023-11-29,1530.31,51.15424908168961,61.67916708565929,-10.524918003969674,-1
2023-11-30,1538.72,48.74844794256114,59.09302325703966,-10.344575314478519,-1
2023-12-01,1574.67,49.17582940971033,57.1095844875738,-7.9337550778634665,-1
2023-12-02,1575.67,49.03003620693903,55.49367483144685,-6.463638624507823,-1
2023-12-03,1576.67,48.43683599158294,54.08230706347407,-5.64547107189113,-1
2023-12-04,1665.96,54.5429402560012,54.174433701979495,0.36850655402170673,1
2023-12-05,1710.04,62.22170638617513,55.783888238818626,6.437818147356502,1
2023-12-06,1732.26,69.30129003361981,58.48736859777886,10.813921435840946,1
2023-12-07,1751.03,75.5555360248245,61.901002083188,13.654533941636508,1
2023-12-08,1831.89,86.04492492363352,66.7297866512771,19.31513827235642,1
2023-12-09,1832.89,93.36231024408357,72.05629136983839,21.306018874245183,1
2023-12-10,1833.89,98.1111185692896,77.26725680972864,20.843861759560966,1
2023-12-11,1718.65,91.52068499423126,80.11794244662917,11.402742547602088,1
2023-12-12,1732.72,86.43666227879567,81.38168641306248,5.054975865733184,1
2023-12-13,1809.74,87.6124659942941,82.62784232930882,4.984623664985278,1
2023-12-14,1820.59,88.4007741361313,83.78242869067331,4.61834544545799,1
2023-12-15,1805.19,86.78248821721604,84.38244059598186,2.4000476212341795,1
2023-12-16,1806.19,84.60539824408079,84.42703212560166,0.17836611847913275,1
2023-12-17,1807.19,82.01530896889994,83.94468749426133,-1.9293785253613862,-1
2023-12-18,1753.61,74.77720131491014,82.1111902583911,-7.333988943480961,-1
2023-12-19,1750.3,67.99011182742629,79.28697457219815,-11.296862744771857,-1
2023-12-20,1798.6,65.75076693748952,76.57973304525643,-10.828966107766917,-1
2023-12-21,1875.97,69.41896376802356,75.14757918980986,-5.7286154217863015,-1
2023-12-22,1909.35,74.16459987436178,74.95098332672025,-0.7863834523584643,-1
2023-12-23,1910.35,77.11728229528967,75.38424312043414,1.7330391748555343,1
2023-12-24,1911.35,78.63158012028657,76.03371052040463,2.597869599881946,1
2023-12-25,1912.35,79.00168149177671,76.62730471467904,2.374376777097666,1
2023-12-26,1890.48,76.64672750657064,76.63118927305737,0.015538233513268551,1
2023-12-27,1970.13,80.2820572616763,77.36136287078116,2.920694390895136,1
2023-12-28,1921.96,78.37273376767985,77.5636370501609,0.8090967175189405,1
2023-12-29,1902.3,74.41536939184039,76.9339835184968,-2.5186141266564164,-1
2023-12-30,1903.3,70.54660391912466,75.65650759862237,-5.109903679497705,-1
2023-12-31,1904.3,66.79134203686431,73.88347448627076,-7.092132449406449,-1
